Tag #,new,Disturbance_Level,Coral species,2014,2015a_pre,2015a_post,2015b,2015c,2016a,2016b,2017,2018,2019,Status as of 2016a (based only on what was known as of 2016a OR subsequently sampled),Notes:,IF we then also asume that corals that were found DEAD in 2017 died in the El Niño: ,,notesstatus,
61_1085,8,MED,Favia matthai,bleaching3_2018run,NA,bleaching3_2018run,bleaching3_2018run,bleaching3_2018run,alive,barely alive,barely alive,NA,NA,ALIVE,JKB wrote in alive for 2016a,ALIVE,,ALIVE,175
24,38,LOW,Favia matthai,bleaching3_2018run,NA,NA,NA,bleaching3_2018run,barely alive,NA,NA,NA,NA,ALIVE,,ALIVE,,DEAD,235
95,35,MED,Favia matthai,bleaching3_2018run,bleaching3_2018run,bleaching3_2018run,bleaching3_2018run,bleaching3_2018run,barely alive,dead,NA,NA,NA,ALIVE,,ALIVE,,,410
97,35,MED,Porites lobata,compartment,NA,compartment,compartment,bleaching3_2018run,barely alive,barely alive,dead,NA,NA,ALIVE,,ALIVE,,,
115,35,MED,Favia matthai,bleaching3_2018run,NA,NA,bleaching3_2018run,bleaching3_2018run,barely alive,dead,NA,NA,NA,ALIVE,,ALIVE,,,
118,35,MED,Favia matthai,bleaching3_2018run,NA,NA,bleaching3_2018run,bleaching3_2018run,barely alive,dead,NA,NA,NA,ALIVE,,ALIVE,,,
276,14,MED,Porites lobata,FAIL_symbio_micro,NA,NA,NA,NA,barely alive,NA,NA,NA,NA,ALIVE,,ALIVE,,,
323,34,MED,Hydnophora microconos,symbio_micro,NA,NA,compartment,bleaching3_2018run,barely alive,barely alive,barely alive,*Barely Alive,barely alive,ALIVE,,ALIVE,,,
430,30,VERYHIGH,Porites lobata,symbio_micro,NA,NA,compartment,bleaching3_2018run,barely alive,dead,NA,NA,NA,ALIVE,,ALIVE,,,
515,14,MED,Porites lobata,symbio_micro,NA,NA,NA,NA,barely alive,NA,NA,NA,NA,ALIVE,,ALIVE,,,
577,15,VERYLOW,Hydnophora microconos,NA,symbio_micro,NA,bleaching3_2018run,bleaching3_2018run,barely alive,barely alive,2017samples,NA,NA,ALIVE,,ALIVE,,,
581,15,VERYLOW,Favia matthai,NA,bleaching3_2018run,NA,bleaching3_2018run,bleaching3_2018run,barely alive,barely alive,barely alive,NA,NA,ALIVE,,ALIVE,,,
595,15,VERYLOW,Hydnophora microconos,NA,symbio_micro,NA,bleaching3_2018run,bleaching3_2018run,barely alive,barely alive,NA,NA,NA,ALIVE,,ALIVE,,,
607,15,VERYLOW,Hydnophora microconos,NA,symbio_micro,NA,NA,bleaching3_2018run,barely alive,dead,NA,NA,NA,ALIVE,,ALIVE,,,
619,15,VERYLOW,Hydnophora microconos,NA,symbio_micro,NA,NA,bleaching3_2018run,barely alive,bleaching2,2017samples,NA,NA,ALIVE,,ALIVE,,,
691,35,MED,Hydnophora microconos,NA,NA,NA,bleaching3_2018run,bleaching3_2018run,barely alive,dead,NA,NA,NA,ALIVE,,ALIVE,,,
694,35,MED,Porites lobata,NA,NA,NA,compartment,bleaching3_2018run,barely alive,dead,NA,NA,NA,ALIVE,,ALIVE,,,
717,8,MED,Porites lobata,NA,NA,NA,compartment,bleaching3_2018run,barely alive,barely alive,barely alive,NA,NA,ALIVE,,ALIVE,,,
777,34,MED,Favia sp,NA,NA,NA,compartment,bleaching3_2018run,barely alive,barely alive,barely alive,NA,sampled,ALIVE,,ALIVE,,,
781,34,MED,Favites pentagona,NA,NA,NA,platy,platy,barely alive,dead,NA,NA,NA,ALIVE,,ALIVE,,,
793,5,VERYLOW,Hydnophora microconos,NA,NA,NA,bleaching3_2018run,bleaching3_2018run,barely alive,dead,NA,NA,NA,ALIVE,,ALIVE,,,
826,5,VERYLOW,Hydnophora microconos,NA,NA,NA,bleaching3_2018run,bleaching3_2018run,barely alive,dead,NA,NA,NA,ALIVE,,ALIVE,,,
829,5,VERYLOW,Favia matthai,NA,NA,NA,bleaching3_2018run,bleaching3_2018run,barely alive,dead,NA,NA,NA,ALIVE,,ALIVE,,,
859,34,MED,Porites lobata,NA,NA,NA,bleaching3_2018run,bleaching3_2018run,barely alive,barely alive,barely alive,NA,barely alive,ALIVE,,ALIVE,,,
883,8,MED,Porites lobata,NA,NA,NA,NA,bleaching3_2018run,barely alive,dead,NA,NA,NA,ALIVE,,ALIVE,,,
1_1425,35,MED,Porites lobata,compartment,compartment,compartment,compartment,bleaching2,bleaching2,bleaching2,2017samples,NA,sampled,ALIVE,,ALIVE,,,
5_1422,35,MED,Porites lobata,compartment,NA,compartment,compartment,bleaching2,bleaching2,bleaching2,2017samples,NA,sampled,ALIVE,,ALIVE,,,
8b_935,35,MED,Porites lobata,NA,NA,compartment,compartment,NA,bleaching2,bleaching2,2017samples,sampled,sampled,ALIVE,,ALIVE,,,
15,35,MED,Porites lobata,compartment,NA,compartment,compartment,bleaching2,bleaching2,NA,NA,NA,NA,ALIVE,,ALIVE,,,
46,27,VERYHIGH,Porites lobata,bleaching2,NA,NA,bleaching3_2018run,bleaching2,bleaching2,dead,NA,NA,NA,ALIVE,,ALIVE,,,
87c,35,MED,Porites lobata,NA,NA,NA,NA,NA,bleaching2,NA,NA,NA,NA,ALIVE,,ALIVE,,,
112_874,35,MED,Porites lobata,bleaching2,NA,NA,NA,bleaching2,bleaching2,dead or gone,gone,NA,NA,ALIVE,,ALIVE,,,
128_1261,30,VERYHIGH,Hydnophora microconos,bleaching2,NA,bleaching2,bleaching2,bleaching2,bleaching2,bleaching2,2017samples,sampled,sampled,ALIVE,,ALIVE,,,
151_1166,30,VERYHIGH,Porites lobata,compartment,NA,compartment,compartment,bleaching2,bleaching2,bleaching2,2017samples,sampled,sampled,ALIVE,,ALIVE,,,
188_971,38,LOW,Porites lobata,bleaching2,NA,NA,NA,bleaching2,bleaching2,NA,NA,NA,NA,ALIVE,,ALIVE,,,
191,38,LOW,Hydnophora microconos,bleaching2,NA,NA,NA,bleaching2,bleaching2,NA,NA,NA,NA,ALIVE,,ALIVE,,,
194,38,LOW,Porites lobata,bleaching2,NA,NA,NA,bleaching2,bleaching2,NA,NA,NA,NA,ALIVE,,ALIVE,,,
197,38,LOW,Porites lobata,bleaching2,NA,NA,NA,bleaching2,bleaching2,NA,NA,NA,NA,ALIVE,,ALIVE,,,
200_972_1336,38,LOW,Porites lobata,bleaching2,NA,NA,NA,bleaching2,bleaching2,NA,2017samples,sampled,sampled,ALIVE,,ALIVE,,,
314_1088_1263,34,MED,Porites lobata,bleaching2,NA,NA,compartment,bleaching2,bleaching2,bleaching2,2017samples,sampled,sampled,ALIVE,,ALIVE,,,
317_949,34,MED,Montipora foliosa,bleaching2,NA,NA,compartment,bleaching2,bleaching2,dead,NA,NA,NA,ALIVE,,ALIVE,,,
324,34,MED,Montipora foliosa,bleaching2,NA,NA,compartment,bleaching2,bleaching2,dead,NA,NA,NA,ALIVE,,ALIVE,,,
354_1439,34,MED,Porites lobata,bleaching2,NA,NA,compartment,bleaching2,bleaching2,bleaching2,2017samples,NA,sampled,ALIVE,,ALIVE,,,
361,34,MED,Porites lobata,bleaching2,NA,NA,compartment,NA,bleaching2,dead,NA,NA,NA,ALIVE,,ALIVE,,,
364,34,MED,Porites lobata,bleaching2,NA,NA,NA,bleaching2,bleaching2,NA,NA,NA,NA,ALIVE,,ALIVE,,,
441_1304,30,VERYHIGH,Porites lobata,bleaching2,NA,NA,compartment,bleaching2,bleaching2,bleaching2,NA,sampled,sampled,ALIVE,,ALIVE,,,
451_871,27,VERYHIGH,Porites lobata,compartment,NA,compartment,compartment,bleaching2,bleaching2,barely alive,dead,NA,NA,ALIVE,,ALIVE,,,
499,32,VERYHIGH,Porites lobata,bleaching2,NA,NA,bleaching2,bleaching2,bleaching2,dead,NA,NA,NA,ALIVE,,ALIVE,,,
578_1073,15,VERYLOW,Porites lobata,NA,bleaching2,NA,bleaching2,bleaching2,bleaching2,bleaching2,2017samples,NA,NA,ALIVE,,ALIVE,,,
580_1264,15,VERYLOW,Porites lobata,NA,bleaching2,NA,bleaching2,bleaching2,bleaching2,NA,2017samples,sampled,NA,ALIVE,,ALIVE,,,
585_1262,15,VERYLOW,Porites lobata,NA,bleaching2,NA,NA,bleaching2,bleaching2,bleaching2,2017samples,sampled,NA,ALIVE,,ALIVE,,,
587_1072,15,VERYLOW,Hydnophora microconos,NA,bleaching2,NA,bleaching2,bleaching2,bleaching2,bleaching2,2017samples,sampled,NA,ALIVE,,ALIVE,,,
590,15,VERYLOW,Hydnophora microconos,NA,bleaching2,NA,bleaching2,bleaching2,bleaching2,barely alive,barely alive,*Barely Alive,NA,ALIVE,,ALIVE,,,
591,15,VERYLOW,Porites lobata,NA,bleaching2,NA,bleaching2,bleaching2,bleaching2,bleaching2,2017samples,NA,NA,ALIVE,,ALIVE,,,
608,15,VERYLOW,Porites lobata,NA,bleaching2,NA,NA,bleaching2,bleaching2,dead,NA,NA,NA,ALIVE,,ALIVE,,,
610,15,VERYLOW,Porites lobata,NA,bleaching2,NA,NA,bleaching2,bleaching2,NA,NA,NA,NA,ALIVE,,ALIVE,,,
620_1229,15,VERYLOW,Porites lobata,NA,bleaching2,NA,NA,bleaching2,bleaching2,barely alive,2017samples,NA,NA,ALIVE,,ALIVE,,,
624,15,VERYLOW,Porites lobata,NA,bleaching2,NA,NA,bleaching2,bleaching2,NA,NA,NA,NA,ALIVE,,ALIVE,,,
627,15,VERYLOW,Porites lobata,NA,bleaching2,NA,NA,bleaching2,bleaching2,NA,2017samples,NA,NA,ALIVE,,ALIVE,,,
630,15,VERYLOW,Hydnophora microconos,NA,bleaching2,NA,NA,bleaching2,bleaching2,NA,gone,NA,NA,ALIVE,,ALIVE,,,
689,27,VERYHIGH,Hydnophora microconos,NA,NA,NA,bleaching2,bleaching2,bleaching2,NA,NA,*tag found no living hydno around,NA,ALIVE,,ALIVE,,,
723,27,VERYHIGH,Porites lobata,NA,NA,NA,compartment,bleaching2,bleaching2,barely alive,gone,NA,NA,ALIVE,,ALIVE,,,
743,32,VERYHIGH,Hydnophora microconos,NA,NA,NA,bleaching2,bleaching2,bleaching2,dead,NA,NA,NA,ALIVE,,ALIVE,,,
746_1058,32,VERYHIGH,Porites lobata,NA,NA,NA,bleaching2,bleaching2,bleaching2,bleaching2,dead,NA,NA,ALIVE,,ALIVE,,,
761,32,VERYHIGH,Montipora foliosa,NA,NA,NA,bleaching2,bleaching2,bleaching2,gone,NA,NA,NA,ALIVE,,ALIVE,,,
764_1059,32,VERYHIGH,Pocillopora eydouxi,NA,NA,NA,bleaching2,bleaching2,bleaching2,bleaching2,2017samples,sampled,sampled,ALIVE,,ALIVE,,,
773,34,MED,Porites lobata,NA,NA,NA,compartment,bleaching2,bleaching2,NA,NA,NA,NA,ALIVE,,ALIVE,,,
776,34,MED,Hydnophora microconos,NA,NA,NA,compartment,bleaching2,bleaching2,bleaching2,2017samples,NA,sampled,ALIVE,,ALIVE,,,
784,34,MED,Montipora foliosa,NA,NA,NA,compartment,bleaching2,bleaching2,dead,NA,NA,NA,ALIVE,,ALIVE,,,
790,5,VERYLOW,Porites lobata,NA,NA,NA,bleaching2,bleaching2,bleaching2,bleaching2,barely alive,NA,NA,ALIVE,,ALIVE,,,
794_946,5,VERYLOW,Porites lobata,NA,NA,NA,bleaching2,bleaching2,bleaching2,bleaching2,2017samples,NA,sampled,ALIVE,,ALIVE,,,
806,5,VERYLOW,Hydnophora microconos,NA,NA,NA,bleaching2,bleaching2,bleaching2,NA,dead,NA,NA,ALIVE,,ALIVE,,,
816,5,VERYLOW,Porites lobata,NA,NA,NA,bleaching2,bleaching2,bleaching2,NA,2017samples,sampled,NA,ALIVE,,ALIVE,,,
818_1350,5,VERYLOW,Porites lobata,NA,NA,NA,bleaching2,bleaching2,bleaching2,bleaching2,2017samples,sampled,sampled,ALIVE,,ALIVE,,,
821,5,VERYLOW,Porites lobata,NA,NA,NA,bleaching2,bleaching2,bleaching2,bleaching2,2017samples,NA,sampled,ALIVE,,ALIVE,,,
827,5,VERYLOW,Porites lobata,NA,NA,NA,bleaching2,bleaching2,bleaching2,dead,NA,NA,NA,ALIVE,,ALIVE,,,
831,5,VERYLOW,Porites lobata,NA,NA,NA,bleaching2,bleaching2,bleaching2,NA,2017samples,sampled,sampled,ALIVE,,ALIVE,,,
834_947_1437,5,VERYLOW,Porites lobata,NA,NA,NA,bleaching2,bleaching2,bleaching2,bleaching2,NA,NA,sampled,ALIVE,,ALIVE,,,
839,5,VERYLOW,Porites lobata,NA,NA,NA,bleaching2,bleaching2,bleaching2,bleaching2,NA,NA,NA,ALIVE,,ALIVE,,,
842_1090,34,MED,Porites lobata,NA,NA,NA,compartment,bleaching2,bleaching2,bleaching2,2017samples,NA,sampled,ALIVE,,ALIVE,,,
853,34,MED,Porites lobata,NA,NA,NA,bleaching2,bleaching2,bleaching2,bleaching2,2017samples,NA,NA,ALIVE,,ALIVE,,,
880,8,MED,Porites lobata,NA,NA,NA,NA,bleaching2,bleaching2,bleaching2,2017samples,sampled,sampled,ALIVE,,ALIVE,,,
886,8,MED,Porites lobata,NA,NA,NA,NA,bleaching2,bleaching2,gone,NA,NA,NA,ALIVE,,ALIVE,,,
1086,8,MED,Porites lobata,NA,NA,compartment,compartment,bleaching2,bleaching2,bleaching2,2017samples,sampled,sampled,ALIVE,,ALIVE,,,
857,34,MED,Platygyra sp,NA,NA,NA,platy,platy,bleaching3_2018run,bleaching3_2018run,2017samples,sampled,sampled,ALIVE,,ALIVE,,,
628,15,VERYLOW,Favites pentagona,NA,platy,NA,NA,platy,gone,NA,2017samples,NA,NA,ALIVE,Manually input as ALIVE,ALIVE,,,
20,38,LOW,Pocillopora eydouxi,symbio_micro,NA,NA,NA,NA,NA,NA,NA,*Barely Alive,NA,ALIVE,Manually input as ALIVE,ALIVE,,,
157_1337,3,LOW,Platygyra sp,platy,NA,NA,NA,platy,NA,NA,2017samples,sampled,sampled,ALIVE,Manually input as ALIVE,ALIVE,,,
164_1143,3,LOW,Platygyra sp,symbio_micro,NA,NA,NA,NA,NA,NA,2017samples,sampled,NA,ALIVE,Manually input as ALIVE,ALIVE,,,
172_1112,3,LOW,Porites lobata,symbio_micro,NA,NA,NA,bleaching3_2018run,NA,NA,2017samples,sampled,NA,ALIVE,Manually input as ALIVE,ALIVE,,,
173_1113,3,LOW,Favia sp,bleaching3_2018run,NA,NA,NA,bleaching3_2018run,NA,NA,2017samples,sampled,sampled,ALIVE,Manually input as ALIVE,ALIVE,,,
183_1114_1340,3,LOW,Porites lobata,symbio_micro,NA,NA,NA,bleaching3_2018run,NA,NA,2017samples,sampled,sampled,ALIVE,Manually input as ALIVE,ALIVE,,,
187,3,LOW,Hydnophora microconos,symbio_micro,NA,NA,NA,bleaching3_2018run,NA,NA,barely alive,NA,NA,ALIVE,Manually input as ALIVE,ALIVE,,,
206_1331,38,LOW,Favia matthai,bleaching3_2018run,NA,NA,NA,NA,NA,NA,barely alive,NA,sampled,ALIVE,Manually input as ALIVE,ALIVE,,,
206c,38,LOW,Favia matthai,NA,NA,NA,NA,NA,NA,NA,NA,sampled,NA,ALIVE,Manually input as ALIVE,ALIVE,,,
213_1333,38,LOW,Favites pentagona,platy,NA,NA,NA,platy,NA,NA,2017samples,sampled,sampled,ALIVE,Manually input as ALIVE,ALIVE,,,
223,3,LOW,Platygyra sp,platy,NA,NA,NA,platy,NA,NA,2017samples,NA,dead,ALIVE,Manually input as ALIVE,ALIVE,,,
224_1115,3,LOW,Favia sp,bleaching3_2018run,NA,NA,NA,bleaching3_2018run,NA,NA,2017samples,NA,sampled,ALIVE,Manually input as ALIVE,ALIVE,,,
227_1145,3,LOW,Favia sp,bleaching3_2018run,NA,NA,NA,bleaching3_2018run,NA,NA,barely alive,NA,NA,ALIVE,Manually input as ALIVE,ALIVE,,,
230,3,LOW,Porites lobata,FAIL_symbio_micro,NA,NA,NA,bleaching3_2018run,NA,NA,2017samples,NA,NA,ALIVE,Manually input as ALIVE,ALIVE,,,
231,3,LOW,Favites pentagona,platy,NA,NA,NA,platy,NA,NA,2017samples,NA,NA,ALIVE,Manually input as ALIVE,ALIVE,,,
244_1259,8,MED,Hydnophora microconos,symbio_micro,NA,NA,sampled,sampled,NA,NA,NA,NA,*barely alive,ALIVE,Manually input as ALIVE,ALIVE,,,
338_1168,34,MED,Platygyra sp,platy,NA,NA,NA,NA,NA,NA,barely alive,NA,dead,ALIVE,Manually input as ALIVE,ALIVE,,,
374_891_1294,25,HIGH,Porites lobata,symbio_micro,NA,NA,NA,bleaching3_2018run,NA,NA,2017samples,sampled,sampled,ALIVE,Manually input as ALIVE,ALIVE,,,
379,25,HIGH,Platygyra sp,platy,NA,NA,NA,platy,NA,NA,2017samples,sampled,NA,ALIVE,Manually input as ALIVE,ALIVE,,,
381_1374,25,HIGH,Hydnophora microconos,symbio_micro,NA,NA,NA,bleaching3_2018run,NA,NA,barely alive,NA,dead,ALIVE,Manually input as ALIVE,ALIVE,,,
400_1102_1377,25,HIGH,Favites pentagona,platy,NA,NA,NA,platy,NA,NA,2017samples,sampled,sampled,ALIVE,Manually input as ALIVE,ALIVE,,,
407_1103_1378,25,HIGH,Porites lobata,symbio_micro,NA,NA,NA,bleaching3_2018run,NA,NA,2017samples,sampled,sampled,ALIVE,Manually input as ALIVE,ALIVE,,,
415,25,HIGH,Favia matthai,bleaching3_2018run,NA,NA,NA,NA,NA,NA,2017samples,sampled,sampled,ALIVE,Manually input as ALIVE,ALIVE,,,
416_1104,25,HIGH,Porites lobata,FAIL_symbio_micro,NA,NA,NA,bleaching3_2018run,NA,NA,2017samples,sampled,dead,ALIVE,Manually input as ALIVE,ALIVE,,,
420,25,HIGH,Porites lobata,symbio_micro,NA,NA,NA,bleaching3_2018run,NA,NA,2017samples,sampled,NA,ALIVE,Manually input as ALIVE,ALIVE,,,
575,35,MED,Favia sp,NA,platy,NA,NA,NA,NA,barely alive,barely alive,sampled,sampled,ALIVE,Manually input as ALIVE,ALIVE,,,
583,15,VERYLOW,Favites pentagona,NA,platy,NA,platy,platy,NA,barely alive,dead,NA,NA,ALIVE,Manually input as ALIVE,ALIVE,,,
601,15,VERYLOW,Porites lobata,NA,symbio_micro,NA,NA,bleaching3_2018run,NA,bleaching2,dead,NA,NA,ALIVE,Manually input as ALIVE,ALIVE,,,
605,15,VERYLOW,Favites pentagona,NA,platy,NA,NA,platy,NA,bleaching2,2017samples,sampled,NA,ALIVE,Manually input as ALIVE,ALIVE,,,
623,15,VERYLOW,Favites pentagona,NA,platy,NA,NA,platy,NA,NA,NA,sampled,NA,ALIVE,Manually input as ALIVE,ALIVE,,,
631,15,VERYLOW,Favia matthai,NA,platy,NA,NA,NA,NA,NA,2017samples,NA,NA,ALIVE,Manually input as ALIVE,ALIVE,,,
656_1075,19,VERYLOW,Favites pentagona,NA,NA,NA,platy,platy,NA,bleaching2,2017samples,NA,NA,ALIVE,Manually input as ALIVE,ALIVE,,,
659,19,VERYLOW,Porites lobata,NA,NA,NA,bleaching3_2018run,bleaching3_2018run,NA,bleaching2,2017samples,NA,NA,ALIVE,Manually input as ALIVE,ALIVE,,,
669_1074,19,VERYLOW,Porites lobata,NA,NA,NA,bleaching3_2018run,bleaching3_2018run,NA,bleaching2,2017samples,NA,NA,ALIVE,Manually input as ALIVE,ALIVE,,,
677_1151,19,VERYLOW,Porites lobata,NA,NA,NA,bleaching3_2018run,bleaching3_2018run,NA,bleaching2,2017samples,NA,NA,ALIVE,Manually input as ALIVE,ALIVE,,,
682_1083,30,VERYHIGH,Porites lobata,NA,NA,NA,compartment,bleaching3_2018run,NA,bleaching2,2017samples,sampled,sampled,ALIVE,Manually input as ALIVE,ALIVE,,,
794_946b,5,VERYLOW,Porites lobata,NA,NA,NA,NA,NA,NA,NA,NA,sampled,sampled,ALIVE,Manually input as ALIVE,ALIVE,,,
804,5,VERYLOW,Favia matthai,NA,NA,NA,bleaching3_2018run,bleaching3_2018run,NA,NA,NA,NA,barely alive,ALIVE,Manually input as ALIVE,ALIVE,,,
810b,5,VERYLOW,Platygyra sp,NA,NA,NA,NA,NA,NA,bleaching2,2017samples,sampled,sampled,ALIVE,Manually input as ALIVE,ALIVE,,,
810c,5,VERYLOW,Platygyra sp,NA,NA,NA,NA,NA,NA,NA,NA,sampled,sampled,ALIVE,Manually input as ALIVE,ALIVE,,,
839b,5,VERYLOW,Porites lobata,NA,NA,NA,NA,NA,NA,NA,NA,sampled,sampled,ALIVE,Manually input as ALIVE,ALIVE,,,
853b_1193,34,MED,Porites lobata,NA,NA,NA,NA,NA,NA,NA,NA,sampled,sampled,ALIVE,Manually input as ALIVE,ALIVE,,,
854_1193,34,MED,Favia matthai,NA,NA,NA,compartment,bleaching3_2018run,NA,NA,2017samples,sampled,sampled,ALIVE,Manually input as ALIVE,ALIVE,,,
867,19,VERYLOW,Porites lobata,NA,NA,NA,NA,bleaching3_2018run,NA,barely alive,2017samples,NA,NA,ALIVE,Manually input as ALIVE,ALIVE,,,
29,38,LOW,Favites halicora,platy,NA,NA,NA,platy,platy,NA,barely alive,NA,NA,ALIVE,,ALIVE,,,
62_1260,8,MED,Platygyra sp,platy,NA,platy,platy,platy,platy,bleaching2,2017samples,NA,sampled,ALIVE,,ALIVE,,,
89_1311,35,MED,Favia matthai,platy,platy,platy,platy,platy,platy,bleaching2,barely alive,sampled,sampled,ALIVE,,ALIVE,,,
99_1312_1360,35,MED,Platygyra sp,platy,NA,platy,platy,platy,platy,bleaching2,2017samples,sampled,sampled,ALIVE,,ALIVE,,,
100_638,35,MED,Favia matthai,platy,NA,platy,platy,platy,platy,NA,2017samples,sampled,sampled,ALIVE,,ALIVE,,,
127,30,VERYHIGH,Favia sp,platy,NA,platy,platy,platy,platy,barely alive,barely alive,sampled,barely alive,ALIVE,,ALIVE,,,
146_1081,30,VERYHIGH,Favia matthai,platy,NA,platy,platy,platy,platy,bleaching2,NA,*Gone,NA,ALIVE,,ALIVE,,,
205_1258_1332,38,LOW,Favites pentagona,platy,NA,NA,NA,platy,platy,NA,2017samples,sampled,sampled,ALIVE,,ALIVE,,,
248_696,8,MED,Platygyra sp,platy,NA,NA,platy,platy,platy,gone,NA,NA,NA,ALIVE,,ALIVE,,,
285,14,MED,Favites pentagona,platy,NA,NA,NA,NA,platy,NA,NA,NA,NA,ALIVE,,ALIVE,,,
289,14,MED,Platygyra sp,platy,NA,NA,NA,NA,platy,NA,NA,NA,NA,ALIVE,,ALIVE,,,
328,34,MED,Platygyra sp,platy,NA,NA,platy,platy,platy,bleaching2,2017samples,NA,NA,ALIVE,,ALIVE,,,
339,34,MED,Favia sp,platy,NA,NA,platy,platy,platy,bleaching2,NA,NA,NA,ALIVE,,ALIVE,,,
386_1302,30,VERYHIGH,Favites pentagona,platy,NA,platy,platy,platy,platy,bleaching2,2017samples,sampled,sampled,ALIVE,,ALIVE,,,
388_1168,30,VERYHIGH,Favia sp,platy,NA,NA,platy,platy,platy,bleaching2,barely alive,NA,NA,ALIVE,,ALIVE,,,
439,30,VERYHIGH,Favites pentagona,platy,NA,NA,platy,platy,platy,bleaching2,NA,NA,NA,ALIVE,,ALIVE,,,
482_897,32,VERYHIGH,Favites pentagona,platy,NA,NA,platy,platy,platy,bleaching2,2017samples,NA,gone,ALIVE,,ALIVE,,,
497_745,32,VERYHIGH,Favites pentagona,platy,NA,NA,platy,NA,platy,bleaching2,2017samples,*found tag in sand,gone,ALIVE,,ALIVE,,,
500,32,VERYHIGH,Favites sp,platy,NA,NA,NA,platy,platy,bleaching2,2017samples,NA,gone,ALIVE,,ALIVE,,,
575b,35,MED,Favia sp,NA,NA,NA,platy,NA,platy,NA,NA,NA,NA,ALIVE,,ALIVE,,,
583b,15,VERYLOW,Favites pentagona,NA,NA,NA,NA,NA,platy,bleaching2,2017samples,sampled,NA,ALIVE,,ALIVE,,,
588_1227,15,VERYLOW,Favites pentagona,NA,platy,NA,platy,platy,platy,bleaching2,2017samples,NA,NA,ALIVE,,ALIVE,,,
592_1269,15,VERYLOW,Favites pentagona,NA,platy,NA,platy,platy,platy,bleaching2,2017samples,sampled,NA,ALIVE,,ALIVE,,,
594,15,VERYLOW,Platygyra sp,NA,platy,NA,NA,platy,platy,bleaching2,2017samples,sampled,NA,ALIVE,,ALIVE,,,
597_1228,15,VERYLOW,Favites pentagona,NA,platy,NA,platy,platy,platy,bleaching2,2017samples,NA,NA,ALIVE,,ALIVE,,,
612_1270,15,VERYLOW,Platygyra sp,NA,platy,NA,NA,platy,platy,bleaching2,2017samples,sampled,NA,ALIVE,,ALIVE,,,
618,15,VERYLOW,Platygyra sp,NA,platy,NA,NA,platy,platy,bleaching2,2017samples,NA,NA,ALIVE,,ALIVE,,,
637,35,MED,Platygyra sp,NA,sampled_skip_bothprepost,platy,platy,NA,platy,NA,NA,NA,NA,ALIVE,,ALIVE,,,
729_1460,27,VERYHIGH,Favites pentagona,NA,NA,NA,platy,platy,platy,bleaching2,2017samples,NA,sampled,ALIVE,,ALIVE,,,
741,32,VERYHIGH,Favia sp,NA,NA,NA,platy,platy,platy,bleaching2,2017samples,NA,NA,ALIVE,,ALIVE,,,
754_899,32,VERYHIGH,Platygyra sp,NA,NA,NA,platy,platy,platy,,,NA,NA,ALIVE,,ALIVE,,,
770,32,VERYHIGH,Favites pentagona,NA,NA,NA,platy,platy,platy,bleaching2,barely alive,*Dead,NA,ALIVE,,ALIVE,,,
783,34,MED,Platygyra sp,NA,NA,NA,platy,bleaching3_2018run,platy,bleaching2,2017samples,NA,NA,ALIVE,,ALIVE,,,
786_1424,34,MED,Favites pentagona,NA,NA,NA,platy,platy,platy,bleaching2,2017samples,NA,sampled,ALIVE,,ALIVE,,,
787,5,VERYLOW,Favia sp,NA,NA,NA,platy,platy,platy,bleaching2,2017samples,sampled,sampled,ALIVE,,ALIVE,,,
788_1279,5,VERYLOW,Platygyra sp,NA,NA,NA,platy,platy,platy,bleaching2,2017samples,sampled,sampled,ALIVE,,ALIVE,,,
792,5,VERYLOW,Platygyra sp,NA,NA,NA,platy,platy,platy,bleaching2,2017samples,sampled,sampled,ALIVE,,ALIVE,,,
797,5,VERYLOW,Platygyra sp,NA,NA,NA,platy,platy,platy,bleaching2,2017samples,sampled,NA,ALIVE,,ALIVE,,,
807_1319,5,VERYLOW,Platygyra sp,NA,NA,NA,platy,platy,platy,bleaching2,2017samples,sampled,sampled,ALIVE,,ALIVE,,,
813,5,VERYLOW,Platygyra sp,NA,NA,NA,platy,platy,platy,NA,2017samples,sampled,sampled,ALIVE,,ALIVE,,,
817,5,VERYLOW,Favia sp,NA,NA,NA,platy,platy,platy,bleaching2,2017samples,sampled,sampled,ALIVE,,ALIVE,,,
820,5,VERYLOW,Platygyra sp,NA,NA,NA,platy,platy,platy,bleaching2,2017samples,sampled,NA,ALIVE,,ALIVE,,,
824,5,VERYLOW,Platygyra sp,NA,NA,NA,platy,platy,platy,bleaching2,2017samples,sampled,sampled,ALIVE,,ALIVE,,,
844,34,MED,Favites pentagona,NA,NA,NA,platy,platy/bleaching2,platy,bleaching2,2017samples,sampled,sampled,ALIVE,,ALIVE,,,
850,34,MED,Platygyra sp,NA,NA,NA,platy,platy,platy,bleaching2,NA,NA,NA,ALIVE,,ALIVE,,,
3,35,MED,Pocillopora eydouxi,compartment,compartment,compartment,compartment,bleaching3_2018run,dead,NA,NA,NA,NA,DEAD,,DEAD,,,
11_633,35,MED,Favia matthai,bleaching3_2018run,NA,bleaching3_2018run,bleaching3_2018run,bleaching3_2018run,dead,NA,NA,NA,NA,DEAD,,DEAD,,,
13,35,MED,Pocillopora eydouxi,compartment,NA,compartment,compartment,bleaching3_2018run,dead,NA,NA,NA,NA,DEAD,,DEAD,,,
17,38,LOW,Favia matthai,bleaching3_2018run,NA,NA,NA,bleaching3_2018run,dead,NA,NA,NA,NA,DEAD,,DEAD,,,
21,38,LOW,Montipora foliosa,symbio_micro,NA,NA,NA,bleaching3_2018run,dead,NA,NA,NA,NA,DEAD,,DEAD,,,
31,38,LOW,Montipora foliosa,symbio_micro,NA,NA,NA,bleaching3_2018run,dead,NA,NA,NA,NA,DEAD,,DEAD,,,
32,38,LOW,Porites lobata,symbio_micro,NA,NA,NA,bleaching3_2018run,dead,NA,NA,NA,NA,DEAD,,DEAD,,,
51,8,MED,Favia matthai,bleaching3_2018run,NA,bleaching3_2018run,bleaching3_2018run,bleaching3_2018run,dead,NA,NA,NA,NA,DEAD,,DEAD,,,
60,8,MED,Montipora foliosa,compartment,NA,compartment,compartment,bleaching3_2018run,dead,NA,NA,NA,NA,DEAD,,DEAD,,,
64,8,MED,Hydnophora microconos,symbio_micro,NA,NA,NA,NA,dead,NA,NA,NA,NA,DEAD,,DEAD,,,
72,8,MED,Favia matthai,bleaching3_2018run,NA,bleaching3_2018run,bleaching3_2018run,bleaching3_2018run,dead,NA,NA,NA,NA,DEAD,,DEAD,,,
76,8,MED,Montipora foliosa,compartment,NA,compartment,compartment,bleaching3_2018run,dead,NA,NA,NA,NA,DEAD,,DEAD,,,
84,8,MED,Pocillopora eydouxi,compartment,NA,compartment,compartment,bleaching3_2018run,dead,NA,NA,NA,NA,DEAD,,DEAD,,,
88,35,MED,Pocillopora eydouxi,compartment,compartment,compartment,compartment,bleaching3_2018run,dead,NA,NA,NA,NA,DEAD,,DEAD,,,
90_690,35,MED,Montipora foliosa,compartment,compartment,NA,compartment,bleaching3_2018run,dead,NA,NA,NA,NA,DEAD,,DEAD,,,
94,35,MED,Montipora foliosa,compartment,compartment,compartment,NA,bleaching3_2018run,dead,NA,NA,NA,NA,DEAD,,DEAD,,,
96,35,MED,Hydnophora microconos,symbio_micro,NA,NA,NA,NA,dead,NA,NA,NA,NA,DEAD,,DEAD,,,
98,35,MED,Montipora foliosa,compartment,NA,compartment,compartment,bleaching3_2018run,dead,NA,NA,NA,NA,DEAD,,DEAD,,,
102,35,MED,Montipora foliosa,compartment,NA,compartment,compartment,bleaching3_2018run,dead,NA,NA,NA,NA,DEAD,,DEAD,,,
105,35,MED,Montipora foliosa,compartment,NA,compartment,compartment,bleaching3_2018run,dead,NA,NA,NA,NA,DEAD,,DEAD,,,
106,35,MED,Pocillopora eydouxi,compartment,NA,compartment,compartment,bleaching3_2018run,dead,NA,NA,NA,NA,DEAD,,DEAD,,,
109,35,MED,Pocillopora eydouxi,compartment,NA,compartment,compartment,bleaching3_2018run,dead,NA,NA,NA,NA,DEAD,,DEAD,,,
110,35,MED,Montipora foliosa,symbio_micro,NA,NA,compartment,bleaching3_2018run,dead,NA,NA,NA,NA,DEAD,,DEAD,,,
113,35,MED,Favia matthai,bleaching3_2018run,NA,NA,bleaching3_2018run,bleaching3_2018run,dead,NA,NA,NA,NA,DEAD,,DEAD,,,
114_692,35,MED,Pocillopora eydouxi,symbio_micro,NA,NA,compartment,bleaching3_2018run,dead,NA,NA,NA,NA,DEAD,,DEAD,,,
116,35,MED,Pocillopora eydouxi,symbio_micro,NA,NA,compartment,bleaching3_2018run,dead,NA,NA,NA,NA,DEAD,,DEAD,,,
120,35,MED,Pocillopora eydouxi,symbio_micro,NA,NA,compartment,bleaching3_2018run,dead,NA,NA,NA,NA,DEAD,,DEAD,,,
121_693,35,MED,Montipora foliosa,symbio_micro,NA,NA,compartment,bleaching3_2018run,dead,NA,NA,NA,NA,DEAD,,DEAD,,,
132,30,VERYHIGH,Pocillopora eydouxi,compartment,NA,compartment,compartment,bleaching3_2018run,dead,NA,NA,NA,NA,DEAD,,DEAD,,,
143,30,VERYHIGH,Montipora foliosa,symbio_micro,NA,bleaching3_2018run,NA,NA,dead,NA,NA,NA,NA,DEAD,,DEAD,,,
149,30,VERYHIGH,Pocillopora eydouxi,compartment,NA,compartment,compartment,bleaching3_2018run,dead,NA,NA,NA,NA,DEAD,,DEAD,,,
152,30,VERYHIGH,Pocillopora eydouxi,symbio_micro,NA,NA,compartment,bleaching3_2018run,dead,NA,NA,NA,NA,DEAD,,DEAD,,,
153,30,VERYHIGH,Favia matthai,bleaching3_2018run,NA,NA,NA,bleaching3_2018run,dead,NA,NA,NA,NA,DEAD,,DEAD,,,
190_873,38,LOW,Favites halicora,bleaching3_2018run,NA,NA,NA,bleaching3_2018run,dead,NA,NA,NA,NA,DEAD,,DEAD,,,
192,38,LOW,Favites pentagona,platy,NA,NA,NA,platy,dead,NA,NA,NA,NA,DEAD,,DEAD,,,
193,38,LOW,Pocillopora eydouxi,symbio_micro,NA,NA,NA,bleaching3_2018run,dead,NA,NA,NA,NA,DEAD,,DEAD,,,
195,38,LOW,Favia matthai,bleaching3_2018run,NA,NA,NA,bleaching3_2018run,dead,NA,NA,NA,NA,DEAD,,DEAD,,,
196,38,LOW,Pocillopora eydouxi,symbio_micro,NA,NA,NA,NA,dead,NA,NA,NA,NA,DEAD,,DEAD,,,
198,38,LOW,Montipora foliosa,symbio_micro,NA,NA,NA,bleaching3_2018run,dead,NA,NA,NA,NA,DEAD,,DEAD,,,
201,38,LOW,Pocillopora eydouxi,symbio_micro,NA,NA,NA,bleaching3_2018run,dead,NA,NA,NA,NA,DEAD,,DEAD,,,
256_697,8,MED,Montipora foliosa,symbio_micro,NA,NA,compartment,bleaching3_2018run,dead,NA,NA,NA,NA,DEAD,,DEAD,,,
271,27,VERYHIGH,Favites pentagona,platy,NA,platy,platy,platy,dead,NA,NA,NA,NA,DEAD,,DEAD,,,
279,14,MED,Montipora foliosa,symbio_micro,NA,NA,NA,NA,dead,NA,NA,NA,NA,DEAD,,DEAD,,,
284,14,MED,Favia matthai,symbio_micro,NA,NA,NA,NA,dead,NA,NA,NA,NA,DEAD,,DEAD,,,
297,14,MED,Favia sp,symbio_micro,NA,NA,NA,NA,dead,NA,NA,NA,NA,DEAD,,DEAD,,,
298,14,MED,Favites pentagona,platy,NA,NA,NA,NA,dead,NA,NA,NA,NA,DEAD,,DEAD,,,
329,34,MED,Montipora foliosa,symbio_micro,NA,NA,compartment,bleaching3_2018run,dead,NA,NA,NA,NA,DEAD,,DEAD,,,
331,34,MED,Pocillopora eydouxi,symbio_micro,NA,NA,compartment,bleaching3_2018run,dead,NA,NA,NA,NA,DEAD,,DEAD,,,
335,34,MED,Porites lobata,FAIL_symbio_micro,NA,NA,NA,NA,dead,NA,NA,NA,NA,DEAD,,DEAD,,,
360,34,MED,Pocillopora eydouxi,symbio_micro,NA,NA,NA,NA,dead,NA,NA,NA,NA,DEAD,,DEAD,,,
363,34,MED,Montipora foliosa,symbio_micro,NA,NA,compartment,bleaching3_2018run,dead,NA,NA,NA,NA,DEAD,,DEAD,,,
385,30,VERYHIGH,Montipora foliosa,compartment,NA,compartment,compartment,bleaching3_2018run,dead,NA,NA,NA,NA,DEAD,,DEAD,,,
427,30,VERYHIGH,Pocillopora eydouxi,symbio_micro,NA,NA,compartment,bleaching3_2018run,dead,NA,NA,NA,NA,DEAD,,DEAD,,,
431,30,VERYHIGH,Favia sp,bleaching3_2018run,NA,NA,bleaching3_2018run,bleaching3_2018run,dead,NA,NA,NA,NA,DEAD,,DEAD,,,
437,30,VERYHIGH,Montipora foliosa,symbio_micro,NA,NA,compartment,bleaching3_2018run,dead,NA,NA,NA,NA,DEAD,,DEAD,,,
440,30,VERYHIGH,Pocillopora eydouxi,symbio_micro,NA,NA,compartment,bleaching3_2018run,dead,NA,NA,NA,NA,DEAD,,DEAD,,,
443,30,VERYHIGH,Montipora foliosa,symbio_micro,NA,NA,compartment,bleaching3_2018run,dead,NA,NA,NA,NA,DEAD,,DEAD,,,
446,30,VERYHIGH,Montipora foliosa,symbio_micro,NA,NA,compartment,bleaching3_2018run,dead,NA,NA,NA,NA,DEAD,,DEAD,,,
477,27,VERYHIGH,Pocillopora eydouxi,symbio_micro,NA,compartment,compartment,bleaching3_2018run,dead,NA,NA,NA,NA,DEAD,,DEAD,,,
489,32,VERYHIGH,Porites lobata,symbio_micro,NA,NA,bleaching3_2018run,bleaching3_2018run,dead,NA,NA,NA,NA,DEAD,,DEAD,,,
490,32,VERYHIGH,Montipora foliosa,symbio_micro,NA,NA,bleaching3_2018run,bleaching3_2018run,dead,NA,NA,NA,NA,DEAD,,DEAD,,,
492,32,VERYHIGH,Favites pentagona,platy,NA,NA,platy,platy,dead,NA,NA,NA,NA,DEAD,,DEAD,,,
494,32,VERYHIGH,Pocillopora eydouxi,symbio_micro,NA,NA,NA,NA,dead,NA,NA,NA,NA,DEAD,,DEAD,,,
496,32,VERYHIGH,Montipora foliosa,symbio_micro,NA,NA,bleaching3_2018run,bleaching3_2018run,dead,NA,NA,NA,NA,DEAD,,DEAD,,,
498,32,VERYHIGH,Pocillopora eydouxi,symbio_micro,NA,NA,bleaching3_2018run,bleaching3_2018run,dead,NA,NA,NA,NA,DEAD,,DEAD,,,
501,32,VERYHIGH,Montipora foliosa,symbio_micro,NA,NA,bleaching3_2018run,bleaching3_2018run,dead,NA,NA,NA,NA,DEAD,,DEAD,,,
576,15,VERYLOW,Montipora foliosa,NA,symbio_micro,NA,NA,bleaching3_2018run,dead,NA,NA,NA,NA,DEAD,,DEAD,,,
579,15,VERYLOW,Pocillopora eydouxi,NA,symbio_micro,NA,bleaching3_2018run,bleaching3_2018run,dead,NA,NA,NA,NA,DEAD,,DEAD,,,
582,15,VERYLOW,Pocillopora eydouxi,NA,symbio_micro,NA,bleaching3_2018run,bleaching3_2018run,dead,NA,NA,NA,NA,DEAD,,DEAD,,,
584,15,VERYLOW,Montipora foliosa,NA,symbio_micro,NA,bleaching3_2018run,bleaching3_2018run,dead,NA,NA,NA,NA,DEAD,,DEAD,,,
589,15,VERYLOW,Pocillopora eydouxi,NA,symbio_micro,NA,bleaching3_2018run,bleaching3_2018run,dead,NA,NA,NA,NA,DEAD,,DEAD,,,
593,15,VERYLOW,Montipora foliosa,NA,symbio_micro,NA,bleaching3_2018run,bleaching3_2018run,dead,NA,NA,NA,NA,DEAD,,DEAD,,,
596,15,VERYLOW,Porites lobata,NA,symbio_micro,NA,bleaching3_2018run,bleaching3_2018run,dead,NA,NA,NA,NA,DEAD,,DEAD,,,
598,15,VERYLOW,Montipora foliosa,NA,symbio_micro,NA,bleaching3_2018run,bleaching3_2018run,dead,NA,NA,NA,NA,DEAD,,DEAD,,,
599,15,VERYLOW,Pocillopora eydouxi,NA,symbio_micro,NA,sampled,bleaching3_2018run,dead,NA,NA,NA,NA,DEAD,,DEAD,,,
602,15,VERYLOW,Montipora foliosa,NA,symbio_micro,NA,NA,bleaching3_2018run,dead,NA,NA,NA,NA,DEAD,,DEAD,,,
603,15,VERYLOW,Pocillopora eydouxi,NA,symbio_micro,NA,NA,bleaching3_2018run,dead,NA,NA,NA,NA,DEAD,,DEAD,,,
606,15,VERYLOW,Pocillopora eydouxi,NA,symbio_micro,NA,NA,bleaching3_2018run,dead,NA,NA,NA,NA,DEAD,,DEAD,,,
611,15,VERYLOW,Pocillopora eydouxi,NA,symbio_micro,NA,NA,bleaching3_2018run,dead,NA,NA,NA,NA,DEAD,,DEAD,,,
613,15,VERYLOW,Montipora foliosa,NA,symbio_micro,NA,NA,bleaching3_2018run,dead,NA,NA,NA,NA,DEAD,,DEAD,,,
617,15,VERYLOW,Pocillopora eydouxi,NA,symbio_micro,NA,NA,bleaching3_2018run,dead,NA,NA,NA,NA,DEAD,,DEAD,,,
621,15,VERYLOW,Montipora foliosa,NA,symbio_micro,NA,NA,bleaching3_2018run,dead,NA,NA,NA,NA,DEAD,,DEAD,,,
625,15,VERYLOW,Montipora foliosa,NA,symbio_micro,NA,NA,bleaching3_2018run,dead,NA,NA,NA,NA,DEAD,,DEAD,,,
629,15,VERYLOW,Montipora foliosa,NA,symbio_micro,NA,NA,bleaching3_2018run,dead,NA,NA,NA,NA,DEAD,,DEAD,,,
632,35,MED,Pocillopora eydouxi,NA,NA,compartment,NA,NA,dead,NA,NA,NA,NA,DEAD,,DEAD,,,
634,35,MED,Montipora foliosa,NA,NA,compartment,compartment,bleaching3_2018run,dead,NA,NA,NA,NA,DEAD,,DEAD,,,
695,8,MED,Hydnophora microconos,NA,NA,NA,bleaching3_2018run,bleaching3_2018run,dead,NA,NA,NA,NA,DEAD,,DEAD,,,
698,8,MED,Montipora foliosa,NA,NA,NA,compartment,bleaching3_2018run,dead,NA,NA,NA,NA,DEAD,,DEAD,,,
699,8,MED,Hydnophora microconos,NA,NA,NA,bleaching3_2018run,bleaching3_2018run,dead,NA,NA,NA,NA,DEAD,,DEAD,,,
718,8,MED,Pocillopora eydouxi,NA,NA,NA,compartment,bleaching3_2018run,dead,NA,NA,NA,NA,DEAD,,DEAD,,,
719,8,MED,Favites pentagona,NA,NA,NA,platy,platy,dead,NA,NA,NA,NA,DEAD,,DEAD,,,
730,27,VERYHIGH,Montipora foliosa,NA,NA,NA,compartment,bleaching3_2018run,dead,NA,NA,NA,NA,DEAD,,DEAD,,,
737,32,VERYHIGH,Montipora foliosa,NA,NA,NA,bleaching3_2018run,bleaching3_2018run,dead,NA,NA,NA,NA,DEAD,,DEAD,,,
742,32,VERYHIGH,Platygyra sp,NA,NA,NA,platy,platy,dead,NA,NA,NA,NA,DEAD,,DEAD,,,
744,32,VERYHIGH,Montipora foliosa,NA,NA,NA,bleaching3_2018run,bleaching3_2018run,dead,NA,NA,NA,NA,DEAD,,DEAD,,,
747,32,VERYHIGH,Pocillopora eydouxi,NA,NA,NA,bleaching3_2018run,bleaching3_2018run,dead,NA,NA,NA,NA,DEAD,,DEAD,,,
748,32,VERYHIGH,Montipora foliosa,NA,NA,NA,bleaching3_2018run,bleaching3_2018run,dead,NA,NA,NA,NA,DEAD,,DEAD,,,
750,32,VERYHIGH,Pocillopora eydouxi,NA,NA,NA,bleaching3_2018run,bleaching3_2018run,dead,NA,NA,NA,NA,DEAD,,DEAD,,,
751,32,VERYHIGH,Montipora foliosa,NA,NA,NA,bleaching3_2018run,bleaching3_2018run,dead,NA,NA,NA,NA,DEAD,,DEAD,,,
752,32,VERYHIGH,Porites lobata,NA,NA,NA,bleaching3_2018run,bleaching3_2018run,dead,NA,NA,NA,NA,DEAD,,DEAD,,,
753,32,VERYHIGH,Porites lobata,NA,NA,NA,bleaching3_2018run,bleaching3_2018run,dead,NA,NA,NA,NA,DEAD,,DEAD,,,
755,32,VERYHIGH,Montipora foliosa,NA,NA,NA,bleaching3_2018run,bleaching3_2018run,dead,NA,NA,NA,NA,DEAD,,DEAD,,,
756,32,VERYHIGH,Pocillopora eydouxi,NA,NA,NA,bleaching3_2018run,bleaching3_2018run,dead,NA,NA,NA,NA,DEAD,,DEAD,,,
759,32,VERYHIGH,Pocillopora eydouxi,NA,NA,NA,bleaching3_2018run,bleaching3_2018run,dead,NA,NA,NA,NA,DEAD,,DEAD,,,
760,32,VERYHIGH,Montipora foliosa,NA,NA,NA,bleaching3_2018run,bleaching3_2018run,dead,NA,NA,NA,NA,DEAD,,DEAD,,,
762,32,VERYHIGH,Platygyra sp,NA,NA,NA,platy,platy,dead,NA,NA,NA,NA,DEAD,,DEAD,,,
763,32,VERYHIGH,Montipora foliosa,NA,NA,NA,bleaching3_2018run,bleaching3_2018run,dead,NA,NA,NA,NA,DEAD,,DEAD,,,
765,32,VERYHIGH,Pocillopora eydouxi,NA,NA,NA,bleaching3_2018run,bleaching3_2018run,dead,NA,NA,NA,NA,DEAD,,DEAD,,,
766,32,VERYHIGH,Platygyra sp,NA,NA,NA,platy,platy,dead,NA,NA,NA,NA,DEAD,,DEAD,,,
767,32,VERYHIGH,Hydnophora microconos,NA,NA,NA,bleaching3_2018run,bleaching3_2018run,dead,NA,NA,NA,NA,DEAD,,DEAD,,,
768,32,VERYHIGH,Platygyra sp,NA,NA,NA,platy,platy,dead,NA,NA,NA,NA,DEAD,,DEAD,,,
772,32,VERYHIGH,Favites pentagona,NA,NA,NA,platy,platy,dead,NA,NA,NA,NA,DEAD,,DEAD,,,
774,34,MED,Pocillopora eydouxi,NA,NA,NA,compartment,bleaching3_2018run,dead,NA,NA,NA,NA,DEAD,,DEAD,,,
778,34,MED,Pocillopora eydouxi,NA,NA,NA,compartment,NA,dead,NA,NA,NA,NA,DEAD,,DEAD,,,
785,34,MED,Pocillopora eydouxi,NA,NA,NA,compartment,bleaching3_2018run,dead,NA,NA,NA,NA,DEAD,,DEAD,,,
791,5,VERYLOW,Pocillopora eydouxi,NA,NA,NA,bleaching3_2018run,bleaching3_2018run,dead,NA,NA,NA,NA,DEAD,,DEAD,,,
795,5,VERYLOW,Montipora foliosa,NA,NA,NA,bleaching3_2018run,bleaching3_2018run,dead,NA,NA,NA,NA,DEAD,,DEAD,,,
796,5,VERYLOW,Pocillopora eydouxi,NA,NA,NA,bleaching3_2018run,bleaching3_2018run,dead,NA,NA,NA,NA,DEAD,,DEAD,,,
799,5,VERYLOW,Pocillopora eydouxi,NA,NA,NA,bleaching3_2018run,bleaching3_2018run,dead,NA,NA,NA,NA,DEAD,,DEAD,,,
803,5,VERYLOW,Pocillopora eydouxi,NA,NA,NA,bleaching3_2018run,bleaching3_2018run,dead,NA,NA,NA,NA,DEAD,,DEAD,,,
810,5,VERYLOW,Favites pentagona,NA,NA,NA,platy,platy,dead,NA,NA,NA,NA,DEAD,,DEAD,,,
811,5,VERYLOW,Montipora foliosa,NA,NA,NA,bleaching3_2018run,bleaching3_2018run,dead,NA,NA,NA,NA,DEAD,,DEAD,,,
814,5,VERYLOW,Pocillopora eydouxi,NA,NA,NA,bleaching3_2018run,bleaching3_2018run,dead,NA,NA,NA,NA,DEAD,,DEAD,,,
815,5,VERYLOW,Montipora foliosa,NA,NA,NA,bleaching3_2018run,bleaching3_2018run,dead,NA,NA,NA,NA,DEAD,,DEAD,,,
819,5,VERYLOW,Pocillopora eydouxi,NA,NA,NA,bleaching3_2018run,bleaching3_2018run,dead,NA,NA,NA,NA,DEAD,,DEAD,,,
822,5,VERYLOW,Montipora foliosa,NA,NA,NA,bleaching3_2018run,bleaching3_2018run,dead,NA,NA,NA,NA,DEAD,,DEAD,,,
825,5,VERYLOW,Pocillopora eydouxi,NA,NA,NA,bleaching3_2018run,bleaching3_2018run,dead,NA,NA,NA,NA,DEAD,,DEAD,,,
828,5,VERYLOW,Montipora foliosa,NA,NA,NA,bleaching3_2018run,bleaching3_2018run,dead,NA,NA,NA,NA,DEAD,,DEAD,,,
832,5,VERYLOW,Montipora foliosa,NA,NA,NA,bleaching3_2018run,bleaching3_2018run,dead,NA,NA,NA,NA,DEAD,,DEAD,,,
833,5,VERYLOW,Pocillopora eydouxi,NA,NA,NA,bleaching3_2018run,bleaching3_2018run,dead,NA,NA,NA,NA,DEAD,,DEAD,,,
835,5,VERYLOW,Montipora foliosa,NA,NA,NA,bleaching3_2018run,bleaching3_2018run,dead,NA,NA,NA,NA,DEAD,,DEAD,,,
836,5,VERYLOW,Pocillopora eydouxi,NA,NA,NA,bleaching3_2018run,bleaching3_2018run,dead,NA,NA,NA,NA,DEAD,,DEAD,,,
838,5,VERYLOW,Montipora foliosa,NA,NA,NA,bleaching3_2018run,bleaching3_2018run,dead,NA,NA,NA,NA,DEAD,,DEAD,,,
840,5,VERYLOW,Montipora foliosa,NA,NA,NA,bleaching3_2018run,bleaching3_2018run,dead,NA,NA,NA,NA,DEAD,,DEAD,,,
843,34,MED,Pocillopora eydouxi,NA,NA,NA,compartment,bleaching3_2018run,dead,NA,NA,NA,NA,DEAD,,DEAD,,,
846,34,MED,Hydnophora microconos,NA,NA,NA,compartment,bleaching3_2018run,dead,NA,NA,NA,NA,DEAD,,DEAD,,,
848,34,MED,Pocillopora eydouxi,NA,NA,NA,compartment,bleaching3_2018run,dead,NA,NA,NA,NA,DEAD,,DEAD,,,
849,34,MED,Montipora foliosa,NA,NA,NA,compartment,bleaching3_2018run,dead,NA,NA,NA,NA,DEAD,,DEAD,,,
851,34,MED,Favia sp,NA,NA,NA,compartment,bleaching3_2018run,dead,NA,NA,NA,NA,DEAD,,DEAD,,,
856,34,MED,Favites pentagona,NA,NA,NA,platy,platy,dead,NA,NA,NA,NA,DEAD,,DEAD,,,
881,8,MED,Pocillopora eydouxi,NA,NA,NA,NA,sampled,dead,NA,NA,NA,NA,DEAD,,DEAD,,,
882,8,MED,Pocillopora eydouxi,NA,NA,NA,NA,bleaching3_2018run,dead,NA,NA,NA,NA,DEAD,,DEAD,,,
884,8,MED,Porites lobata,NA,NA,NA,NA,bleaching3_2018run,dead,NA,NA,NA,NA,DEAD,,DEAD,,,
887,8,MED,Pocillopora eydouxi,NA,NA,NA,NA,bleaching3_2018run,dead,NA,NA,NA,NA,DEAD,,DEAD,,,
888,8,MED,Porites lobata,NA,NA,NA,NA,bleaching3_2018run,dead,NA,NA,NA,NA,DEAD,,DEAD,,,
889,8,MED,Pocillopora eydouxi,NA,NA,NA,NA,bleaching3_2018run,dead,NA,NA,NA,NA,DEAD,,DEAD,,,
277,14,MED,Favia sp,FAIL_symbio_micro,NA,NA,NA,NA,dead or gone,NA,NA,NA,NA,DEAD,,DEAD,,,
278,14,MED,Platygyra sp,platy,NA,NA,NA,NA,dead or gone,NA,NA,NA,NA,DEAD,,DEAD,,,
280,14,MED,Porites lobata,FAIL_symbio_micro,NA,NA,NA,NA,dead or gone,NA,NA,NA,NA,DEAD,,DEAD,,,
281,14,MED,Hydnophora microconos,symbio_micro,NA,NA,NA,NA,dead or gone,NA,NA,NA,NA,DEAD,,DEAD,,,
282,14,MED,Pocillopora eydouxi,symbio_micro,NA,NA,NA,NA,dead or gone,NA,NA,NA,NA,DEAD,,DEAD,,,
283,14,MED,Montipora foliosa,symbio_micro,NA,NA,NA,NA,dead or gone,NA,NA,NA,NA,DEAD,,DEAD,,,
286,14,MED,Porites lobata,symbio_micro,NA,NA,NA,NA,dead or gone,NA,NA,NA,NA,DEAD,,DEAD,,,
287,14,MED,Pocillopora eydouxi,symbio_micro,NA,NA,NA,NA,dead or gone,NA,NA,NA,NA,DEAD,,DEAD,,,
288,14,MED,Montipora foliosa,symbio_micro,NA,NA,NA,NA,dead or gone,NA,NA,NA,NA,DEAD,,DEAD,,,
290,14,MED,Favites halicora,bleaching3_2018run,NA,NA,NA,NA,dead or gone,NA,NA,NA,NA,DEAD,,DEAD,,,
291,14,MED,Pocillopora eydouxi,symbio_micro,NA,NA,NA,NA,dead or gone,NA,NA,NA,NA,DEAD,,DEAD,,,
292,14,MED,Hydnophora microconos,symbio_micro,NA,NA,NA,NA,dead or gone,NA,NA,NA,NA,DEAD,,DEAD,,,
293,14,MED,Montipora foliosa,symbio_micro,NA,NA,NA,NA,dead or gone,NA,NA,NA,NA,DEAD,,DEAD,,,
294,14,MED,Porites lobata,symbio_micro,NA,NA,NA,NA,dead or gone,NA,NA,NA,NA,DEAD,,DEAD,,,
295,14,MED,Favia speciosa,sampled_skip_sp,NA,NA,NA,NA,dead or gone,NA,NA,NA,NA,DEAD,,DEAD,,,
296,14,MED,Pocillopora eydouxi,symbio_micro,NA,NA,NA,NA,dead or gone,NA,NA,NA,NA,DEAD,,DEAD,,,
299,14,MED,Platygyra sp,platy,NA,NA,NA,NA,dead or gone,NA,NA,NA,NA,DEAD,,DEAD,,,
300,14,MED,Porites lobata,symbio_micro,NA,NA,NA,NA,dead or gone,NA,NA,NA,NA,DEAD,,DEAD,,,
301,14,MED,Pocillopora eydouxi,symbio_micro,NA,NA,NA,NA,dead or gone,NA,NA,NA,NA,DEAD,,DEAD,,,
302,14,MED,Favites halicora,bleaching3_2018run,NA,NA,NA,NA,dead or gone,NA,NA,NA,NA,DEAD,,DEAD,,,
303,14,MED,Pocillopora eydouxi,symbio_micro,NA,NA,NA,NA,dead or gone,NA,NA,NA,NA,DEAD,,DEAD,,,
304,14,MED,Porites lobata,symbio_micro,NA,NA,NA,NA,dead or gone,NA,NA,NA,NA,DEAD,,DEAD,,,
305,14,MED,Pocillopora eydouxi,symbio_micro,NA,NA,NA,NA,dead or gone,NA,NA,NA,NA,DEAD,,DEAD,,,
306,14,MED,Platygyra sp,platy,NA,NA,NA,NA,dead or gone,NA,NA,NA,NA,DEAD,,DEAD,,,
307,14,MED,Porites lobata,symbio_micro,NA,NA,NA,NA,dead or gone,NA,NA,NA,NA,DEAD,,DEAD,,,
308,14,MED,Hydnophora microconos,symbio_micro,NA,NA,NA,NA,dead or gone,NA,NA,NA,NA,DEAD,,DEAD,,,
309,14,MED,Pocillopora eydouxi,symbio_micro,NA,NA,NA,NA,dead or gone,NA,NA,NA,NA,DEAD,,DEAD,,,
502,14,MED,Porites lobata,symbio_micro,NA,NA,NA,NA,dead or gone,NA,NA,NA,NA,DEAD,,DEAD,,,
504,14,MED,Platygyra sp,platy,NA,NA,NA,NA,dead or gone,NA,NA,NA,NA,DEAD,,DEAD,,,
505,14,MED,Pocillopora eydouxi,symbio_micro,NA,NA,NA,NA,dead or gone,NA,NA,NA,NA,DEAD,,DEAD,,,
506,14,MED,Montipora foliosa,symbio_micro,NA,NA,NA,NA,dead or gone,NA,NA,NA,NA,DEAD,,DEAD,,,
507,14,MED,Porites lobata,symbio_micro,NA,NA,NA,NA,dead or gone,NA,NA,NA,NA,DEAD,,DEAD,,,
508,14,MED,Montipora foliosa,symbio_micro,NA,NA,NA,NA,dead or gone,NA,NA,NA,NA,DEAD,,DEAD,,,
509,14,MED,Pocillopora eydouxi,symbio_micro,NA,NA,NA,NA,dead or gone,NA,NA,NA,NA,DEAD,,DEAD,,,
510,14,MED,Montipora foliosa,symbio_micro,NA,NA,NA,NA,dead or gone,NA,NA,NA,NA,DEAD,,DEAD,,,
511,14,MED,Porites lobata,symbio_micro,NA,NA,NA,NA,dead or gone,NA,NA,NA,NA,DEAD,,DEAD,,,
512,14,MED,Montipora foliosa,symbio_micro,NA,NA,NA,NA,dead or gone,NA,NA,NA,NA,DEAD,,DEAD,,,
513,14,MED,Porites lobata,symbio_micro,NA,NA,NA,NA,dead or gone,NA,NA,NA,NA,DEAD,,DEAD,,,
516,14,MED,Montipora foliosa,symbio_micro,NA,NA,NA,NA,dead or gone,NA,NA,NA,NA,DEAD,,DEAD,,,
517,14,MED,Montipora foliosa,symbio_micro,NA,NA,NA,NA,dead or gone,NA,NA,NA,NA,DEAD,,DEAD,,,
154_872,3,LOW,Pocillopora eydouxi,symbio_micro,NA,NA,NA,bleaching3_2018run,NA,NA,dead,NA,NA,UNKNOWN,,DEAD,Changed to Dead,,
155,3,LOW,Montipora foliosa,symbio_micro,NA,NA,NA,bleaching3_2018run,NA,NA,dead,NA,NA,UNKNOWN,,DEAD,Changed to Dead,,
159,3,LOW,Pocillopora eydouxi,symbio_micro,NA,NA,NA,bleaching3_2018run,NA,NA,dead,NA,NA,UNKNOWN,,DEAD,Changed to Dead,,
163,3,LOW,Pocillopora eydouxi,symbio_micro,NA,NA,NA,bleaching3_2018run,NA,NA,dead,NA,NA,UNKNOWN,,DEAD,Changed to Dead,,
170,3,LOW,Montipora foliosa,symbio_micro,NA,NA,NA,bleaching3_2018run,NA,NA,dead,NA,NA,UNKNOWN,,DEAD,Changed to Dead,,
171,3,LOW,Pocillopora eydouxi,symbio_micro,NA,NA,NA,bleaching3_2018run,NA,NA,dead,NA,NA,UNKNOWN,,DEAD,Changed to Dead,,
174,3,LOW,Pocillopora eydouxi,symbio_micro,NA,NA,NA,NA,NA,NA,dead,NA,NA,UNKNOWN,,DEAD,Changed to Dead,,
174b,3,LOW,Pocillopora eydouxi,NA,NA,NA,NA,bleaching3_2018run,NA,NA,dead,NA,NA,UNKNOWN,,DEAD,Changed to Dead,,
175,3,LOW,Montipora foliosa,symbio_micro,NA,NA,NA,NA,NA,NA,dead,NA,NA,UNKNOWN,,DEAD,Changed to Dead,,
179,3,LOW,Pocillopora eydouxi,symbio_micro,NA,NA,NA,bleaching3_2018run,NA,NA,dead,NA,NA,UNKNOWN,,DEAD,Changed to Dead,,
182,3,LOW,Montipora foliosa,symbio_micro,NA,NA,NA,NA,NA,NA,dead,NA,NA,UNKNOWN,,DEAD,Changed to Dead,,
185,3,LOW,Montipora foliosa,symbio_micro,NA,NA,NA,bleaching3_2018run,NA,NA,dead,NA,NA,UNKNOWN,,DEAD,Changed to Dead,,
212,38,LOW,Hydnophora microconos,symbio_micro,NA,NA,NA,bleaching3_2018run,NA,NA,dead,NA,NA,UNKNOWN,,DEAD,Changed to Dead,,
215,38,LOW,Pocillopora eydouxi,symbio_micro,NA,NA,NA,bleaching3_2018run,NA,NA,dead,NA,NA,UNKNOWN,,DEAD,Changed to Dead,,
226,3,LOW,Hydnophora microconos,symbio_micro,NA,NA,NA,bleaching3_2018run,NA,NA,dead,NA,NA,UNKNOWN,,DEAD,Changed to Dead,,
229,3,LOW,Montipora foliosa,symbio_micro,NA,NA,NA,bleaching3_2018run,NA,NA,dead,NA,NA,UNKNOWN,,DEAD,Changed to Dead,,
232,3,LOW,Hydnophora microconos,symbio_micro,NA,NA,NA,bleaching3_2018run,NA,NA,dead,NA,NA,UNKNOWN,,DEAD,Changed to Dead,,
234,3,LOW,Platygyra sp,platy,NA,NA,NA,platy,NA,NA,dead,NA,NA,UNKNOWN,,DEAD,Changed to Dead,,
376,25,HIGH,Favites halicora,bleaching3_2018run,NA,NA,NA,bleaching3_2018run,NA,NA,dead,NA,NA,UNKNOWN,,DEAD,Changed to Dead,,
378,25,HIGH,Pocillopora eydouxi,symbio_micro,NA,NA,NA,bleaching3_2018run,NA,NA,dead,NA,NA,UNKNOWN,,DEAD,Changed to Dead,,
382,25,HIGH,Favia sp,bleaching3_2018run,NA,NA,NA,bleaching3_2018run,NA,NA,dead,NA,NA,UNKNOWN,,DEAD,Changed to Dead,,
390,25,HIGH,Montipora foliosa,symbio_micro,NA,NA,NA,bleaching3_2018run,NA,NA,dead,NA,NA,UNKNOWN,,DEAD,Changed to Dead,,
394,25,HIGH,Montipora foliosa,symbio_micro,NA,NA,NA,bleaching3_2018run,NA,NA,dead,NA,NA,UNKNOWN,,DEAD,Changed to Dead,,
398_894,25,HIGH,Hydnophora microconos,symbio_micro,NA,NA,NA,bleaching3_2018run,NA,NA,dead,NA,NA,UNKNOWN,,DEAD,Changed to Dead,,
399,25,HIGH,Montipora foliosa,symbio_micro,NA,NA,NA,bleaching3_2018run,NA,NA,dead,NA,NA,UNKNOWN,,DEAD,Changed to Dead,,
401,25,HIGH,Porites lobata,symbio_micro,NA,NA,NA,bleaching3_2018run,NA,NA,dead,NA,NA,UNKNOWN,,DEAD,Changed to Dead,,
404,25,HIGH,Favia matthai,bleaching3_2018run,NA,NA,NA,bleaching3_2018run,NA,NA,dead,NA,NA,UNKNOWN,,DEAD,Changed to Dead,,
405,25,HIGH,Pocillopora eydouxi,symbio_micro,NA,NA,NA,bleaching3_2018run,NA,NA,dead,NA,NA,UNKNOWN,,DEAD,Changed to Dead,,
409,25,HIGH,Montipora foliosa,symbio_micro,NA,NA,NA,bleaching3_2018run,NA,NA,dead,NA,NA,UNKNOWN,,DEAD,Changed to Dead,,
411,25,HIGH,Hydnophora microconos,symbio_micro,NA,NA,NA,bleaching3_2018run,NA,NA,dead,NA,NA,UNKNOWN,,DEAD,Changed to Dead,,
414,25,HIGH,Montipora foliosa,symbio_micro,NA,NA,NA,bleaching3_2018run,NA,NA,dead,NA,NA,UNKNOWN,,DEAD,Changed to Dead,,
422,25,HIGH,Pocillopora eydouxi,symbio_micro,NA,NA,NA,bleaching3_2018run,NA,NA,dead,NA,NA,UNKNOWN,,DEAD,Changed to Dead,,
423,25,HIGH,Montipora foliosa,symbio_micro,NA,NA,NA,bleaching3_2018run,NA,NA,dead,NA,NA,UNKNOWN,,DEAD,Changed to Dead,,
424,25,HIGH,Montipora foliosa,symbio_micro,NA,NA,NA,bleaching3_2018run,NA,NA,dead,NA,NA,UNKNOWN,,DEAD,Changed to Dead,,
487,32,VERYHIGH,Favites pentagona,platy,NA,NA,platy,platy,NA,dead,NA,NA,NA,UNKNOWN,,DEAD,Changed to Dead,,
649,19,VERYLOW,Montipora foliosa,NA,NA,NA,bleaching3_2018run,bleaching3_2018run,NA,dead,NA,NA,NA,UNKNOWN,,DEAD,Changed to Dead,,
651,19,VERYLOW,Pocillopora eydouxi,NA,NA,NA,bleaching3_2018run,bleaching3_2018run,NA,dead,NA,NA,NA,UNKNOWN,,DEAD,Changed to Dead,,
653,19,VERYLOW,Montipora foliosa,NA,NA,NA,bleaching3_2018run,bleaching3_2018run,NA,dead,NA,NA,NA,UNKNOWN,,DEAD,Changed to Dead,,
655,19,VERYLOW,Pocillopora eydouxi,NA,NA,NA,bleaching3_2018run,bleaching3_2018run,NA,dead,NA,NA,NA,UNKNOWN,,DEAD,Changed to Dead,,
660,19,VERYLOW,Pocillopora eydouxi,NA,NA,NA,bleaching3_2018run,bleaching3_2018run,NA,dead,NA,NA,NA,UNKNOWN,,DEAD,Changed to Dead,,
661,19,VERYLOW,Montipora foliosa,NA,NA,NA,bleaching3_2018run,bleaching3_2018run,NA,dead,NA,NA,NA,UNKNOWN,,DEAD,Changed to Dead,,
663,19,VERYLOW,Pocillopora eydouxi,NA,NA,NA,bleaching3_2018run,bleaching3_2018run,NA,dead,NA,NA,NA,UNKNOWN,,DEAD,Changed to Dead,,
670,19,VERYLOW,Porites lobata,NA,NA,NA,bleaching3_2018run,bleaching3_2018run,NA,dead,NA,NA,NA,UNKNOWN,,DEAD,Changed to Dead,,
671,19,VERYLOW,Montipora foliosa,NA,NA,NA,bleaching3_2018run,bleaching3_2018run,NA,dead,NA,NA,NA,UNKNOWN,,DEAD,Changed to Dead,,
672,19,VERYLOW,Pocillopora eydouxi,NA,NA,NA,bleaching3_2018run,bleaching3_2018run,NA,dead,NA,NA,NA,UNKNOWN,,DEAD,Changed to Dead,,
812,5,VERYLOW,Porites lobata,NA,NA,NA,bleaching3_2018run,bleaching3_2018run,NA,dead,NA,NA,NA,UNKNOWN,,DEAD,Changed to Dead,,
852,34,MED,Pocillopora eydouxi,NA,NA,NA,bleaching3_2018run,bleaching3_2018run,NA,dead,NA,NA,NA,UNKNOWN,,DEAD,Changed to Dead,,
862,19,VERYLOW,Porites lobata,NA,NA,NA,NA,bleaching3_2018run,NA,dead,NA,NA,NA,UNKNOWN,,DEAD,Changed to Dead,,
325,34,MED,Porites lobata,symbio_micro,NA,NA,compartment,bleaching3_2018run,NA,dead,NA,NA,NA,UNKNOWN,,DEAD,"Changed manually to DEAD 25 Nov. 2019, because it was alive and sampled in July 2015",,
85,8,MED,Montipora foliosa,symbio_micro,NA,NA,compartment,bleaching3_2018run,dead or gone,NA,dead,NA,NA,DEAD,,DEAD,,,
654,19,VERYLOW,Pocillopora eydouxi,NA,NA,NA,sampled,sampled,NA,dead or gone,NA,NA,NA,UNKNOWN,,GONE,,,
657,19,VERYLOW,Montipora foliosa,NA,NA,NA,sampled,sampled,NA,dead or gone,NA,NA,NA,UNKNOWN,,GONE,,,
658,19,VERYLOW,Hydnophora microconos,NA,NA,NA,bleaching3_2018run,bleaching3_2018run,NA,dead or gone,NA,NA,NA,UNKNOWN,,GONE,,,
665,19,VERYLOW,Montipora foliosa,NA,NA,NA,sampled,sampled,NA,dead or gone,NA,NA,NA,UNKNOWN,,GONE,,,
667,19,VERYLOW,Pocillopora eydouxi,NA,NA,NA,sampled,sampled,NA,dead or gone,NA,NA,NA,UNKNOWN,,GONE,,,
673,19,VERYLOW,Montipora foliosa,NA,NA,NA,sampled,sampled,NA,dead or gone,NA,NA,NA,UNKNOWN,,GONE,,,
674,19,VERYLOW,Pocillopora eydouxi,NA,NA,NA,sampled,sampled,NA,dead or gone,NA,NA,NA,UNKNOWN,,GONE,,,
678,19,VERYLOW,Montipora foliosa,NA,NA,NA,sampled,sampled,NA,dead or gone,NA,NA,NA,UNKNOWN,,GONE,,,
679,19,VERYLOW,Pocillopora eydouxi,NA,NA,NA,sampled,sampled,NA,dead or gone,NA,NA,NA,UNKNOWN,,GONE,,,
680,19,VERYLOW,Montipora foliosa,NA,NA,NA,sampled,sampled,NA,dead or gone,NA,NA,NA,UNKNOWN,,GONE,,,
861,19,VERYLOW,Pocillopora eydouxi,NA,NA,NA,NA,sampled,NA,dead or gone,NA,NA,NA,UNKNOWN,,GONE,,,
863,19,VERYLOW,Montipora foliosa,NA,NA,NA,NA,sampled,NA,dead or gone,NA,NA,NA,UNKNOWN,,GONE,,,
864,19,VERYLOW,Montipora foliosa,NA,NA,NA,NA,sampled,NA,dead or gone,NA,NA,NA,UNKNOWN,,GONE,,,
866,19,VERYLOW,Pocillopora eydouxi,NA,NA,NA,NA,sampled,NA,dead or gone,NA,NA,NA,UNKNOWN,,GONE,,,
868,19,VERYLOW,Pocillopora eydouxi,NA,NA,NA,NA,sampled,NA,dead or gone,NA,NA,NA,UNKNOWN,,GONE,,,
869,19,VERYLOW,Montipora foliosa,NA,NA,NA,NA,sampled,NA,dead or gone,NA,NA,NA,UNKNOWN,,GONE,,,
650,19,VERYLOW,Porites lobata,NA,NA,NA,sampled,sampled,NA,gone,NA,NA,NA,UNKNOWN,,GONE,,,
4,35,MED,Favites pentagona,platy,NA,NA,platy,platy,gone,NA,NA,NA,NA,GONE,,GONE,,,
4b,35,MED,Favites sp,NA,platy,platy,NA,NA,gone,NA,NA,NA,NA,GONE,,GONE,,,
12_635,35,MED,Porites lobata,compartment,NA,compartment,compartment,sampled,gone,NA,NA,NA,NA,GONE,,GONE,,,
44,27,VERYHIGH,Montipora foliosa,compartment,NA,compartment,sampled,sampled,gone,NA,NA,NA,NA,GONE,,GONE,,,
86,8,MED,Pocillopora eydouxi,symbio_micro,NA,NA,compartment,sampled,gone,NA,NA,NA,NA,GONE,,GONE,,,
92_860,35,MED,Pocillopora eydouxi,compartment,compartment,compartment,compartment,sampled,gone,NA,NA,NA,NA,GONE,,GONE,,,
111,35,MED,Hydnophora microconos,symbio_micro,NA,NA,sampled,sampled,gone,NA,NA,NA,NA,GONE,,GONE,,,
119,35,MED,Porites lobata,FAIL_symbio_micro,NA,NA,compartment,sampled,gone,NA,NA,NA,NA,GONE,,GONE,,,
122,35,MED,Porites lobata,symbio_micro,NA,NA,NA,NA,gone,NA,NA,NA,NA,GONE,,GONE,,,
122b,35,MED,Porites lobata,NA,NA,NA,compartment,sampled,gone,NA,NA,NA,NA,GONE,,GONE,,,
123,35,MED,Pocillopora eydouxi,symbio_micro,NA,NA,compartment,sampled,gone,NA,NA,NA,NA,GONE,,GONE,,,
129,30,VERYHIGH,Pocillopora eydouxi,compartment,NA,compartment,compartment,sampled,gone,NA,NA,NA,NA,GONE,,GONE,,,
130,30,VERYHIGH,Favia matthai,symbio_micro,NA,symbio_micro,sampled,sampled,gone,NA,NA,NA,NA,GONE,,GONE,,,
133,30,VERYHIGH,Montipora foliosa,compartment,NA,compartment,compartment,sampled,gone,NA,NA,NA,NA,GONE,,GONE,,,
134,30,VERYHIGH,Montipora foliosa,compartment,NA,compartment,compartment,sampled,gone,NA,NA,NA,NA,GONE,,GONE,,,
135,30,VERYHIGH,Pocillopora eydouxi,compartment,NA,compartment,compartment,sampled,gone,NA,NA,NA,NA,GONE,,GONE,,,
136,30,VERYHIGH,Porites lobata,compartment,NA,compartment,compartment,sampled,gone,NA,NA,NA,NA,GONE,,GONE,,,
137,30,VERYHIGH,Montipora foliosa,compartment,NA,compartment,compartment,sampled,gone,NA,NA,NA,NA,GONE,,GONE,,,
138,30,VERYHIGH,Favia matthai,symbio_micro,NA,symbio_micro,NA,sampled,gone,NA,NA,NA,NA,GONE,,GONE,,,
141,30,VERYHIGH,Favia matthai,symbio_micro,NA,NA,sampled,sampled,gone,NA,NA,NA,NA,GONE,,GONE,,,
144,30,VERYHIGH,Porites lobata,compartment,NA,compartment,compartment,sampled,gone,NA,NA,NA,NA,GONE,,GONE,,,
145,30,VERYHIGH,Pocillopora eydouxi,symbio_micro,NA,NA,compartment,sampled,gone,NA,NA,NA,NA,GONE,,GONE,,,
150,30,VERYHIGH,Favia sp,FAIL_symbio_micro,NA,symbio_micro,sampled,sampled,gone,NA,NA,NA,NA,GONE,,GONE,,,
241,8,MED,Porites lobata,symbio_micro,NA,NA,compartment,sampled,gone,dead or gone,NA,NA,NA,GONE,,GONE,,,
253,8,MED,Platygyra sp,platy,NA,platy,platy,platy,gone,NA,NA,NA,NA,GONE,,GONE,,,
260,27,VERYHIGH,Favia matthai,symbio_micro,NA,symbio_micro,sampled,sampled,gone,NA,NA,NA,NA,GONE,,GONE,,,
272,27,VERYHIGH,Favia matthai,symbio_micro,NA,symbio_micro,sampled,sampled,gone,NA,NA,NA,NA,GONE,,GONE,,,
273,14,MED,Favites pentagona,platy,NA,NA,NA,NA,gone,NA,NA,NA,NA,GONE,,GONE,,,
274,14,MED,Hydnophora microconos,symbio_micro,NA,NA,NA,NA,gone,NA,NA,NA,NA,GONE,,GONE,,,
275,14,MED,Pocillopora eydouxi,symbio_micro,NA,NA,NA,sampled,gone,NA,NA,NA,NA,GONE,,GONE,,,
310,14,MED,Montipora foliosa,symbio_micro,NA,NA,NA,NA,gone,NA,NA,NA,NA,GONE,,GONE,,,
336,34,MED,Pocillopora eydouxi,symbio_micro,NA,NA,compartment,sampled,gone,NA,NA,NA,NA,GONE,,GONE,,,
341,34,MED,Favites pentagona,platy,NA,NA,sampled,platy,gone,NA,NA,NA,NA,GONE,,GONE,,,
348,34,MED,Favia sp,symbio_micro,NA,NA,compartment,sampled,gone,NA,NA,NA,NA,GONE,,GONE,,,
349,34,MED,Hydnophora microconos,symbio_micro,NA,NA,compartment,sampled,gone,NA,NA,NA,NA,GONE,,GONE,,,
353,34,MED,Platygyra sp,platy,NA,NA,platy,platy,gone,NA,NA,NA,NA,GONE,,GONE,,,
357,34,MED,Montipora foliosa,symbio_micro,NA,NA,NA,sampled,gone,NA,NA,NA,NA,GONE,,GONE,,,
358,34,MED,Porites lobata,symbio_micro,NA,NA,NA,NA,gone,NA,NA,NA,NA,GONE,,GONE,,,
359,34,MED,Pocillopora eydouxi,symbio_micro,NA,NA,compartment,sampled,gone,NA,NA,NA,NA,GONE,,GONE,,,
365,34,MED,Pocillopora eydouxi,symbio_micro,NA,NA,NA,sampled,gone,NA,NA,NA,NA,GONE,,GONE,,,
387,30,VERYHIGH,Porites lobata,compartment,NA,compartment,compartment,sampled,gone,NA,NA,NA,NA,GONE,,GONE,,,
428,30,VERYHIGH,Montipora foliosa,symbio_micro,NA,NA,compartment,sampled,gone,NA,NA,NA,NA,GONE,,GONE,,,
432,30,VERYHIGH,Pocillopora eydouxi,symbio_micro,NA,NA,NA,NA,gone,NA,NA,NA,NA,GONE,,GONE,,,
433,30,VERYHIGH,Hydnophora microconos,symbio_micro,NA,NA,NA,sampled,gone,NA,NA,NA,NA,GONE,,GONE,,,
434,30,VERYHIGH,Porites lobata,symbio_micro,NA,NA,compartment,sampled,gone,NA,NA,NA,NA,GONE,,GONE,,,
435,30,VERYHIGH,Favites pentagona,platy,NA,NA,platy,platy,gone,NA,NA,NA,NA,GONE,,GONE,,,
438,30,VERYHIGH,Favia sp,symbio_micro,NA,NA,sampled,sampled,gone,NA,NA,NA,NA,GONE,,GONE,,,
442,30,VERYHIGH,Platygyra sp,platy,NA,NA,platy,platy,gone,NA,NA,NA,NA,GONE,,GONE,,,
444,30,VERYHIGH,Hydnophora microconos,symbio_micro,NA,NA,sampled,sampled,gone,NA,NA,NA,NA,GONE,,GONE,,,
445_683,30,VERYHIGH,Porites lobata,symbio_micro,NA,NA,compartment,sampled,gone,NA,NA,NA,NA,GONE,,GONE,,,
466,27,VERYHIGH,Platygyra sp,platy,NA,platy,platy,platy,gone,NA,NA,NA,NA,GONE,,GONE,,,
470,27,VERYHIGH,Platygyra sp,platy,NA,platy,platy,platy,gone,NA,NA,NA,NA,GONE,,GONE,,,
471,27,VERYHIGH,Favites sp,sampled_skip_sp,NA,sampled_skip_sp,sampled,sampled,gone,NA,NA,NA,NA,GONE,,GONE,,,
474,27,VERYHIGH,Porites lobata,compartment,NA,compartment,compartment,sampled,gone,NA,NA,NA,NA,GONE,,GONE,,,
476,27,VERYHIGH,Porites lobata,compartment,NA,compartment,compartment,sampled,gone,NA,NA,NA,NA,GONE,,GONE,,,
503,14,MED,Pocillopora eydouxi,symbio_micro,NA,NA,NA,NA,gone,NA,NA,NA,NA,GONE,,GONE,,,
514,14,MED,Montipora foliosa,symbio_micro,NA,NA,NA,NA,gone,NA,NA,NA,NA,GONE,,GONE,,,
573,35,MED,Favia matthai,NA,sampled_skip_bothprepost,symbio_micro,NA,NA,gone,NA,NA,NA,NA,GONE,,GONE,,,
573b,35,MED,Favia matthai,NA,NA,NA,sampled,sampled,gone,NA,NA,NA,NA,GONE,,GONE,,,
574,35,MED,Montipora foliosa,NA,compartment,NA,compartment,NA,gone,NA,NA,NA,NA,GONE,,GONE,,,
586,15,VERYLOW,Pocillopora eydouxi,NA,symbio_micro,NA,NA,sampled,gone,NA,NA,NA,NA,GONE,,GONE,,,
604,15,VERYLOW,Porites lobata,NA,symbio_micro,NA,NA,sampled,gone,NA,NA,NA,NA,GONE,,GONE,,,
609,15,VERYLOW,Montipora foliosa,NA,symbio_micro,NA,NA,sampled,gone,NA,NA,NA,NA,GONE,,GONE,,,
615,15,VERYLOW,Montipora foliosa,NA,symbio_micro,NA,NA,NA,gone,NA,NA,NA,NA,GONE,,GONE,,,
615b,15,VERYLOW,Montipora foliosa,NA,NA,NA,NA,sampled,gone,NA,NA,NA,NA,GONE,,GONE,,,
622,15,VERYLOW,Pocillopora eydouxi,NA,symbio_micro,NA,NA,sampled,gone,NA,NA,NA,NA,GONE,,GONE,,,
626,15,VERYLOW,Pocillopora eydouxi,NA,symbio_micro,NA,NA,sampled,gone,NA,NA,NA,NA,GONE,,GONE,,,
684,27,VERYHIGH,Montipora foliosa,NA,NA,NA,compartment,sampled,gone,NA,NA,NA,NA,GONE,,GONE,,,
686,27,VERYHIGH,Favia sp,NA,NA,NA,sampled,sampled,gone,NA,NA,NA,NA,GONE,,GONE,,,
687,27,VERYHIGH,Favia matthai,NA,NA,NA,sampled,sampled,gone,NA,NA,NA,NA,GONE,,GONE,,,
688,27,VERYHIGH,Pocillopora eydouxi,NA,NA,NA,compartment,sampled,gone,NA,NA,NA,NA,GONE,,GONE,,,
720,8,MED,Favia sp,NA,NA,NA,sampled,sampled,gone,NA,NA,NA,NA,GONE,,GONE,,,
721,27,VERYHIGH,Montipora foliosa,NA,NA,NA,compartment,sampled,gone,NA,NA,NA,NA,GONE,,GONE,,,
722,27,VERYHIGH,Favites pentagona,NA,NA,NA,platy,platy,gone,NA,NA,NA,NA,GONE,,GONE,,,
724,27,VERYHIGH,Favia matthai,NA,NA,NA,sampled,sampled,gone,NA,NA,NA,NA,GONE,,GONE,,,
725,27,VERYHIGH,Favia matthai,NA,NA,NA,sampled,NA,gone,NA,NA,NA,NA,GONE,,GONE,,,
726,27,VERYHIGH,Favites pentagona,NA,NA,NA,platy,platy,gone,NA,NA,NA,NA,GONE,,GONE,,,
727,27,VERYHIGH,Platygyra sp,NA,NA,NA,platy,platy,gone,NA,NA,NA,NA,GONE,,GONE,,,
728,27,VERYHIGH,Hydnophora microconos,NA,NA,NA,sampled,sampled,gone,NA,NA,NA,NA,GONE,,GONE,,,
731,27,VERYHIGH,Pocillopora eydouxi,NA,NA,NA,compartment,sampled,gone,NA,NA,NA,NA,GONE,,GONE,,,
732,27,VERYHIGH,Montipora foliosa,NA,NA,NA,compartment,sampled,gone,NA,NA,NA,NA,GONE,,GONE,,,
733,27,VERYHIGH,Montipora foliosa,NA,NA,NA,compartment,sampled,gone,NA,NA,NA,NA,GONE,,GONE,,,
735,27,VERYHIGH,Platygyra sp,NA,NA,NA,platy,platy,gone,NA,NA,NA,NA,GONE,,GONE,,,
736,27,VERYHIGH,Favites pentagona,NA,NA,NA,platy,platy,gone,NA,NA,NA,NA,GONE,,GONE,,,
758,32,VERYHIGH,Porites lobata,NA,NA,NA,sampled,sampled,gone,NA,NA,NA,NA,GONE,,GONE,,,
779,34,MED,Hydnophora microconos,NA,NA,NA,compartment,sampled,gone,NA,NA,NA,NA,GONE,,GONE,,,
780,34,MED,Montipora foliosa,NA,NA,NA,compartment,sampled,gone,NA,NA,NA,NA,GONE,,GONE,,,
782,34,MED,Porites lobata,NA,NA,NA,compartment,sampled,gone,NA,NA,NA,NA,GONE,,GONE,,,
798,5,VERYLOW,Hydnophora microconos,NA,NA,NA,sampled,sampled,gone,NA,NA,NA,NA,GONE,,GONE,,,
800,5,VERYLOW,Favites pentagona,NA,NA,NA,platy,platy,gone,NA,NA,NA,NA,GONE,,GONE,,,
801,5,VERYLOW,Hydnophora microconos,NA,NA,NA,sampled,sampled,gone,NA,NA,NA,NA,GONE,,GONE,,,
802,5,VERYLOW,Montipora foliosa,NA,NA,NA,sampled,sampled,gone,NA,NA,NA,NA,GONE,,GONE,,,
808,5,VERYLOW,Montipora foliosa,NA,NA,NA,sampled,NA,gone,NA,NA,NA,NA,GONE,,GONE,,,
809,5,VERYLOW,Pocillopora eydouxi,NA,NA,NA,sampled,sampled,gone,NA,NA,NA,NA,GONE,,GONE,,,
823,5,VERYLOW,Pocillopora eydouxi,NA,NA,NA,sampled,sampled,gone,NA,NA,NA,NA,GONE,,GONE,,,
845,34,MED,Favia sp,NA,NA,NA,compartment,sampled,gone,NA,NA,NA,NA,GONE,,GONE,,,
847,34,MED,Porites lobata,NA,NA,NA,compartment,sampled,gone,NA,NA,NA,NA,GONE,,GONE,,,
855,34,MED,Montipora foliosa,NA,NA,NA,sampled,bleaching2,gone,NA,NA,NA,NA,GONE,,GONE,,,
858,34,MED,Pocillopora eydouxi,NA,NA,NA,sampled,NA,gone,NA,NA,NA,NA,GONE,,GONE,,,
885,8,MED,Pocillopora eydouxi,NA,NA,NA,NA,sampled,gone,NA,NA,NA,NA,GONE,,GONE,,,
890,8,MED,Pocillopora eydouxi,NA,NA,NA,NA,sampled,gone,NA,NA,NA,NA,GONE,,GONE,,,
,,,,,,,,,,,,,,,,,,,
,,,,,,,,,,,,,,,,,,,
,,,,,,,,,,,,,,,,,,,
,,,,,,,,,,,,,,,,,,,
,,,,,,,,,,,,,,,,,,,
,,,,,,,,,,,,,,,,,,,
,,,,,,,,,,,,,,,,,,,
,,,,,,,,,,,,,,,,,,,
,,,,,,,,,,,,,,,,,,,
,,,,,,,,,,,,,,,,,,,
,,,,,,,,,,,,,,,,,,,
,,,,,,,,,,,,,,,,,,,
,,,,,,,,,,,,,,,,,,,
,,,,,,,,,,,,,,,,,,,
,,,,,,,,,,,,,,,,,,,
,,,,,,,,,,,,,,,,,,,
,,,,,,,,,,,,,,,,,,,
,,,,,,,,,,,,,,,,,,,
,,,,,,,,,,,,,,,,,,,
,,,,,,,,,,,,,,,,,,,
,,,,,,,,,,,,,,,,,,,
,,,,,,,,,,,,,,,,,,,
,,,,,,,,,,,,,,,,,,,
,,,,,,,,,,,,,,,,,,,
,,,,,,,,,,,,,,,,,,,
,,,,,,,,,,,,,,,,,,,
,,,,,,,,,,,,,,,,,,,
,,,,,,,,,,,,,,,,,,,
,,,,,,,,,,,,,,,,,,,
,,,,,,,,,,,,,,,,,,,
,,,,,,,,,,,,,,,,,,,
,,,,,,,,,,,,,,,,,,,
,,,,,,,,,,,,,,,,,,,
,,,,,,,,,,,,,,,,,,,
,,,,,,,,,,,,,,,,,,,
,,,,,,,,,,,,,,,,,,,
,,,,,,,,,,,,,,,,,,,
,,,,,,,,,,,,,,,,,,,
,,,,,,,,,,,,,,,,,,,
,,,,,,,,,,,,,,,,,,,
,,,,,,,,,,,,,,,,,,,
,,,,,,,,,,,,,,,,,,,
,,,,,,,,,,,,,,,,,,,
,,,,,,,,,,,,,,,,,,,
,,,,,,,,,,,,,,,,,,,
,,,,,,,,,,,,,,,,,,,
,,,,,,,,,,,,,,,,,,,
,,,,,,,,,,,,,,,,,,,
,,,,,,,,,,,,,,,,,,,
,,,,,,,,,,,,,,,,,,,
,,,,,,,,,,,,,,,,,,,
,,,,,,,,,,,,,,,,,,,
,,,,,,,,,,,,,,,,,,,
,,,,,,,,,,,,,,,,,,,
,,,,,,,,,,,,,,,,,,,
,,,,,,,,,,,,,,,,,,,
,,,,,,,,,,,,,,,,,,,
,,,,,,,,,,,,,,,,,,,
,,,,,,,,,,,,,,,,,,,
,,,,,,,,,,,,,,,,,,,
,,,,,,,,,,,,,,,,,,,
,,,,,,,,,,,,,,,,,,,
,,,,,,,,,,,,,,,,,,,
,,,,,,,,,,,,,,,,,,,
,,,,,,,,,,,,,,,,,,,
,,,,,,,,,,,,,,,,,,,
,,,,,,,,,,,,,,,,,,,
,,,,,,,,,,,,,,,,,,,
,,,,,,,,,,,,,,,,,,,
,,,,,,,,,,,,,,,,,,,
,,,,,,,,,,,,,,,,,,,
,,,,,,,,,,,,,,,,,,,
,,,,,,,,,,,,,,,,,,,
,,,,,,,,,,,,,,,,,,,
,,,,,,,,,,,,,,,,,,,
,,,,,,,,,,,,,,,,,,,
,,,,,,,,,,,,,,,,,,,
,,,,,,,,,,,,,,,,,,,
,,,,,,,,,,,,,,,,,,,
,,,,,,,,,,,,,,,,,,,
,,,,,,,,,,,,,,,,,,,
,,,,,,,,,,,,,,,,,,,
,,,,,,,,,,,,,,,,,,,
,,,,,,,,,,,,,,,,,,,
,,,,,,,,,,,,,,,,,,,
,,,,,,,,,,,,,,,,,,,
,,,,,,,,,,,,,,,,,,,
,,,,,,,,,,,,,,,,,,,
,,,,,,,,,,,,,,,,,,,
,,,,,,,,,,,,,,,,,,,
,,,,,,,,,,,,,,,,,,,
,,,,,,,,,,,,,,,,,,,
,,,,,,,,,,,,,,,,,,,
,,,,,,,,,,,,,,,,,,,
,,,,,,,,,,,,,,,,,,,
,,,,,,,,,,,,,,,,,,,
,,,,,,,,,,,,,,,,,,,
,,,,,,,,,,,,,,,,,,,
,,,,,,,,,,,,,,,,,,,
,,,,,,,,,,,,,,,,,,,
,,,,,,,,,,,,,,,,,,,
,,,,,,,,,,,,,,,,,,,
,,,,,,,,,,,,,,,,,,,
,,,,,,,,,,,,,,,,,,,
,,,,,,,,,,,,,,,,,,,
,,,,,,,,,,,,,,,,,,,
,,,,,,,,,,,,,,,,,,,
,,,,,,,,,,,,,,,,,,,
,,,,,,,,,,,,,,,,,,,
,,,,,,,,,,,,,,,,,,,
,,,,,,,,,,,,,,,,,,,
,,,,,,,,,,,,,,,,,,,
,,,,,,,,,,,,,,,,,,,
,,,,,,,,,,,,,,,,,,,
,,,,,,,,,,,,,,,,,,,
,,,,,,,,,,,,,,,,,,,
,,,,,,,,,,,,,,,,,,,
,,,,,,,,,,,,,,,,,,,
,,,,,,,,,,,,,,,,,,,
,,,,,,,,,,,,,,,,,,,
,,,,,,,,,,,,,,,,,,,
,,,,,,,,,,,,,,,,,,,
,,,,,,,,,,,,,,,,,,,
,,,,,,,,,,,,,,,,,,,
,,,,,,,,,,,,,,,,,,,
,,,,,,,,,,,,,,,,,,,
,,,,,,,,,,,,,,,,,,,
,,,,,,,,,,,,,,,,,,,
,,,,,,,,,,,,,,,,,,,
,,,,,,,,,,,,,,,,,,,
,,,,,,,,,,,,,,,,,,,
,,,,,,,,,,,,,,,,,,,
,,,,,,,,,,,,,,,,,,,
,,,,,,,,,,,,,,,,,,,
,,,,,,,,,,,,,,,,,,,
,,,,,,,,,,,,,,,,,,,
,,,,,,,,,,,,,,,,,,,
,,,,,,,,,,,,,,,,,,,
,,,,,,,,,,,,,,,,,,,
,,,,,,,,,,,,,,,,,,,
,,,,,,,,,,,,,,,,,,,
,,,,,,,,,,,,,,,,,,,
,,,,,,,,,,,,,,,,,,,
,,,,,,,,,,,,,,,,,,,
,,,,,,,,,,,,,,,,,,,
,,,,,,,,,,,,,,,,,,,
,,,,,,,,,,,,,,,,,,,
,,,,,,,,,,,,,,,,,,,
,,,,,,,,,,,,,,,,,,,
,,,,,,,,,,,,,,,,,,,
,,,,,,,,,,,,,,,,,,,
,,,,,,,,,,,,,,,,,,,
,,,,,,,,,,,,,,,,,,,
,,,,,,,,,,,,,,,,,,,
,,,,,,,,,,,,,,,,,,,
,,,,,,,,,,,,,,,,,,,
,,,,,,,,,,,,,,,,,,,
,,,,,,,,,,,,,,,,,,,
,,,,,,,,,,,,,,,,,,,
,,,,,,,,,,,,,,,,,,,
,,,,,,,,,,,,,,,,,,,
,,,,,,,,,,,,,,,,,,,
,,,,,,,,,,,,,,,,,,,
,,,,,,,,,,,,,,,,,,,
,,,,,,,,,,,,,,,,,,,
,,,,,,,,,,,,,,,,,,,
,,,,,,,,,,,,,,,,,,,
,,,,,,,,,,,,,,,,,,,
,,,,,,,,,,,,,,,,,,,
,,,,,,,,,,,,,,,,,,,
,,,,,,,,,,,,,,,,,,,
,,,,,,,,,,,,,,,,,,,
,,,,,,,,,,,,,,,,,,,
,,,,,,,,,,,,,,,,,,,
,,,,,,,,,,,,,,,,,,,
,,,,,,,,,,,,,,,,,,,
,,,,,,,,,,,,,,,,,,,
,,,,,,,,,,,,,,,,,,,
,,,,,,,,,,,,,,,,,,,
,,,,,,,,,,,,,,,,,,,
,,,,,,,,,,,,,,,,,,,
,,,,,,,,,,,,,,,,,,,
,,,,,,,,,,,,,,,,,,,
,,,,,,,,,,,,,,,,,,,
,,,,,,,,,,,,,,,,,,,
,,,,,,,,,,,,,,,,,,,
,,,,,,,,,,,,,,,,,,,
,,,,,,,,,,,,,,,,,,,
,,,,,,,,,,,,,,,,,,,
,,,,,,,,,,,,,,,,,,,
,,,,,,,,,,,,,,,,,,,
,,,,,,,,,,,,,,,,,,,
,,,,,,,,,,,,,,,,,,,
,,,,,,,,,,,,,,,,,,,
,,,,,,,,,,,,,,,,,,,
,,,,,,,,,,,,,,,,,,,
,,,,,,,,,,,,,,,,,,,
,,,,,,,,,,,,,,,,,,,
,,,,,,,,,,,,,,,,,,,
,,,,,,,,,,,,,,,,,,,
,,,,,,,,,,,,,,,,,,,
,,,,,,,,,,,,,,,,,,,
,,,,,,,,,,,,,,,,,,,
,,,,,,,,,,,,,,,,,,,
,,,,,,,,,,,,,,,,,,,
,,,,,,,,,,,,,,,,,,,
,,,,,,,,,,,,,,,,,,,
,,,,,,,,,,,,,,,,,,,
,,,,,,,,,,,,,,,,,,,
,,,,,,,,,,,,,,,,,,,
,,,,,,,,,,,,,,,,,,,
,,,,,,,,,,,,,,,,,,,
,,,,,,,,,,,,,,,,,,,
,,,,,,,,,,,,,,,,,,,
,,,,,,,,,,,,,,,,,,,
,,,,,,,,,,,,,,,,,,,
,,,,,,,,,,,,,,,,,,,
,,,,,,,,,,,,,,,,,,,
,,,,,,,,,,,,,,,,,,,
,,,,,,,,,,,,,,,,,,,
,,,,,,,,,,,,,,,,,,,
,,,,,,,,,,,,,,,,,,,
,,,,,,,,,,,,,,,,,,,
,,,,,,,,,,,,,,,,,,,
,,,,,,,,,,,,,,,,,,,
,,,,,,,,,,,,,,,,,,,
,,,,,,,,,,,,,,,,,,,
,,,,,,,,,,,,,,,,,,,
,,,,,,,,,,,,,,,,,,,
,,,,,,,,,,,,,,,,,,,
,,,,,,,,,,,,,,,,,,,
,,,,,,,,,,,,,,,,,,,
,,,,,,,,,,,,,,,,,,,
,,,,,,,,,,,,,,,,,,,
,,,,,,,,,,,,,,,,,,,
,,,,,,,,,,,,,,,,,,,
,,,,,,,,,,,,,,,,,,,
,,,,,,,,,,,,,,,,,,,
,,,,,,,,,,,,,,,,,,,
,,,,,,,,,,,,,,,,,,,
,,,,,,,,,,,,,,,,,,,
,,,,,,,,,,,,,,,,,,,
,,,,,,,,,,,,,,,,,,,
,,,,,,,,,,,,,,,,,,,
,,,,,,,,,,,,,,,,,,,
,,,,,,,,,,,,,,,,,,,
,,,,,,,,,,,,,,,,,,,
,,,,,,,,,,,,,,,,,,,
,,,,,,,,,,,,,,,,,,,
,,,,,,,,,,,,,,,,,,,
,,,,,,,,,,,,,,,,,,,
,,,,,,,,,,,,,,,,,,,
,,,,,,,,,,,,,,,,,,,
,,,,,,,,,,,,,,,,,,,
,,,,,,,,,,,,,,,,,,,
,,,,,,,,,,,,,,,,,,,
,,,,,,,,,,,,,,,,,,,
,,,,,,,,,,,,,,,,,,,
,,,,,,,,,,,,,,,,,,,
,,,,,,,,,,,,,,,,,,,
,,,,,,,,,,,,,,,,,,,
,,,,,,,,,,,,,,,,,,,
,,,,,,,,,,,,,,,,,,,
,,,,,,,,,,,,,,,,,,,
,,,,,,,,,,,,,,,,,,,
,,,,,,,,,,,,,,,,,,,
,,,,,,,,,,,,,,,,,,,
,,,,,,,,,,,,,,,,,,,
,,,,,,,,,,,,,,,,,,,
,,,,,,,,,,,,,,,,,,,
,,,,,,,,,,,,,,,,,,,
,,,,,,,,,,,,,,,,,,,
,,,,,,,,,,,,,,,,,,,
,,,,,,,,,,,,,,,,,,,
,,,,,,,,,,,,,,,,,,,
,,,,,,,,,,,,,,,,,,,
,,,,,,,,,,,,,,,,,,,
,,,,,,,,,,,,,,,,,,,
,,,,,,,,,,,,,,,,,,,
,,,,,,,,,,,,,,,,,,,
,,,,,,,,,,,,,,,,,,,
,,,,,,,,,,,,,,,,,,,
,,,,,,,,,,,,,,,,,,,
,,,,,,,,,,,,,,,,,,,
,,,,,,,,,,,,,,,,,,,
,,,,,,,,,,,,,,,,,,,
,,,,,,,,,,,,,,,,,,,
,,,,,,,,,,,,,,,,,,,
,,,,,,,,,,,,,,,,,,,
,,,,,,,,,,,,,,,,,,,
,,,,,,,,,,,,,,,,,,,
,,,,,,,,,,,,,,,,,,,
,,,,,,,,,,,,,,,,,,,
,,,,,,,,,,,,,,,,,,,
,,,,,,,,,,,,,,,,,,,
,,,,,,,,,,,,,,,,,,,
,,,,,,,,,,,,,,,,,,,
,,,,,,,,,,,,,,,,,,,
,,,,,,,,,,,,,,,,,,,
,,,,,,,,,,,,,,,,,,,
,,,,,,,,,,,,,,,,,,,
,,,,,,,,,,,,,,,,,,,
,,,,,,,,,,,,,,,,,,,
,,,,,,,,,,,,,,,,,,,
,,,,,,,,,,,,,,,,,,,
,,,,,,,,,,,,,,,,,,,
,,,,,,,,,,,,,,,,,,,
,,,,,,,,,,,,,,,,,,,
,,,,,,,,,,,,,,,,,,,
,,,,,,,,,,,,,,,,,,,
,,,,,,,,,,,,,,,,,,,
,,,,,,,,,,,,,,,,,,,
,,,,,,,,,,,,,,,,,,,
,,,,,,,,,,,,,,,,,,,
,,,,,,,,,,,,,,,,,,,
,,,,,,,,,,,,,,,,,,,
,,,,,,,,,,,,,,,,,,,
,,,,,,,,,,,,,,,,,,,
,,,,,,,,,,,,,,,,,,,
,,,,,,,,,,,,,,,,,,,
,,,,,,,,,,,,,,,,,,,
,,,,,,,,,,,,,,,,,,,
,,,,,,,,,,,,,,,,,,,
,,,,,,,,,,,,,,,,,,,
,,,,,,,,,,,,,,,,,,,
,,,,,,,,,,,,,,,,,,,
,,,,,,,,,,,,,,,,,,,
,,,,,,,,,,,,,,,,,,,
,,,,,,,,,,,,,,,,,,,
,,,,,,,,,,,,,,,,,,,
,,,,,,,,,,,,,,,,,,,
,,,,,,,,,,,,,,,,,,,
,,,,,,,,,,,,,,,,,,,
,,,,,,,,,,,,,,,,,,,
,,,,,,,,,,,,,,,,,,,
,,,,,,,,,,,,,,,,,,,
,,,,,,,,,,,,,,,,,,,
,,,,,,,,,,,,,,,,,,,
,,,,,,,,,,,,,,,,,,,
,,,,,,,,,,,,,,,,,,,
,,,,,,,,,,,,,,,,,,,
,,,,,,,,,,,,,,,,,,,
,,,,,,,,,,,,,,,,,,,
,,,,,,,,,,,,,,,,,,,
,,,,,,,,,,,,,,,,,,,
,,,,,,,,,,,,,,,,,,,
,,,,,,,,,,,,,,,,,,,
,,,,,,,,,,,,,,,,,,,
,,,,,,,,,,,,,,,,,,,
,,,,,,,,,,,,,,,,,,,
,,,,,,,,,,,,,,,,,,,
,,,,,,,,,,,,,,,,,,,
,,,,,,,,,,,,,,,,,,,
,,,,,,,,,,,,,,,,,,,
,,,,,,,,,,,,,,,,,,,
,,,,,,,,,,,,,,,,,,,
,,,,,,,,,,,,,,,,,,,
,,,,,,,,,,,,,,,,,,,
,,,,,,,,,,,,,,,,,,,
,,,,,,,,,,,,,,,,,,,
,,,,,,,,,,,,,,,,,,,
,,,,,,,,,,,,,,,,,,,
,,,,,,,,,,,,,,,,,,,
,,,,,,,,,,,,,,,,,,,
,,,,,,,,,,,,,,,,,,,
,,,,,,,,,,,,,,,,,,,
,,,,,,,,,,,,,,,,,,,
,,,,,,,,,,,,,,,,,,,
,,,,,,,,,,,,,,,,,,,
,,,,,,,,,,,,,,,,,,,
,,,,,,,,,,,,,,,,,,,
,,,,,,,,,,,,,,,,,,,
,,,,,,,,,,,,,,,,,,,
,,,,,,,,,,,,,,,,,,,
,,,,,,,,,,,,,,,,,,,
,,,,,,,,,,,,,,,,,,,
,,,,,,,,,,,,,,,,,,,
,,,,,,,,,,,,,,,,,,,
,,,,,,,,,,,,,,,,,,,
,,,,,,,,,,,,,,,,,,,
,,,,,,,,,,,,,,,,,,,
,,,,,,,,,,,,,,,,,,,
,,,,,,,,,,,,,,,,,,,
,,,,,,,,,,,,,,,,,,,
,,,,,,,,,,,,,,,,,,,
,,,,,,,,,,,,,,,,,,,
,,,,,,,,,,,,,,,,,,,
,,,,,,,,,,,,,,,,,,,
,,,,,,,,,,,,,,,,,,,
,,,,,,,,,,,,,,,,,,,
,,,,,,,,,,,,,,,,,,,
,,,,,,,,,,,,,,,,,,,
,,,,,,,,,,,,,,,,,,,
,,,,,,,,,,,,,,,,,,,
,,,,,,,,,,,,,,,,,,,
,,,,,,,,,,,,,,,,,,,
,,,,,,,,,,,,,,,,,,,
,,,,,,,,,,,,,,,,,,,
,,,,,,,,,,,,,,,,,,,
,,,,,,,,,,,,,,,,,,,
,,,,,,,,,,,,,,,,,,,
,,,,,,,,,,,,,,,,,,,
,,,,,,,,,,,,,,,,,,,
,,,,,,,,,,,,,,,,,,,
,,,,,,,,,,,,,,,,,,,
,,,,,,,,,,,,,,,,,,,
,,,,,,,,,,,,,,,,,,,
,,,,,,,,,,,,,,,,,,,
,,,,,,,,,,,,,,,,,,,
,,,,,,,,,,,,,,,,,,,
,,,,,,,,,,,,,,,,,,,
,,,,,,,,,,,,,,,,,,,
,,,,,,,,,,,,,,,,,,,
,,,,,,,,,,,,,,,,,,,
,,,,,,,,,,,,,,,,,,,
,,,,,,,,,,,,,,,,,,,
,,,,,,,,,,,,,,,,,,,
,,,,,,,,,,,,,,,,,,,
,,,,,,,,,,,,,,,,,,,
,,,,,,,,,,,,,,,,,,,
,,,,,,,,,,,,,,,,,,,
,,,,,,,,,,,,,,,,,,,
,,,,,,,,,,,,,,,,,,,
,,,,,,,,,,,,,,,,,,,
,,,,,,,,,,,,,,,,,,,
,,,,,,,,,,,,,,,,,,,
,,,,,,,,,,,,,,,,,,,
,,,,,,,,,,,,,,,,,,,
,,,,,,,,,,,,,,,,,,,
,,,,,,,,,,,,,,,,,,,
,,,,,,,,,,,,,,,,,,,
,,,,,,,,,,,,,,,,,,,
,,,,,,,,,,,,,,,,,,,
,,,,,,,,,,,,,,,,,,,
,,,,,,,,,,,,,,,,,,,
,,,,,,,,,,,,,,,,,,,
,,,,,,,,,,,,,,,,,,,
,,,,,,,,,,,,,,,,,,,
,,,,,,,,,,,,,,,,,,,
,,,,,,,,,,,,,,,,,,,
,,,,,,,,,,,,,,,,,,,
,,,,,,,,,,,,,,,,,,,
,,,,,,,,,,,,,,,,,,,
,,,,,,,,,,,,,,,,,,,
,,,,,,,,,,,,,,,,,,,
,,,,,,,,,,,,,,,,,,,
,,,,,,,,,,,,,,,,,,,
,,,,,,,,,,,,,,,,,,,
,,,,,,,,,,,,,,,,,,,
,,,,,,,,,,,,,,,,,,,
,,,,,,,,,,,,,,,,,,,
,,,,,,,,,,,,,,,,,,,
,,,,,,,,,,,,,,,,,,,
,,,,,,,,,,,,,,,,,,,
,,,,,,,,,,,,,,,,,,,
,,,,,,,,,,,,,,,,,,,
,,,,,,,,,,,,,,,,,,,
,,,,,,,,,,,,,,,,,,,
,,,,,,,,,,,,,,,,,,,
,,,,,,,,,,,,-,,,,,,,