"","ref","coral_tag","SampleType","field_season","Coral_Species","site","Status","field_season.1","site.1","coral_tag.1","before.after","annotator","date_annotated","colony_width1","colony_width2","colony_area","binary_tissue_loss","binary_disease","cyanobacteria_contact","binary_algal_contact","turf_contact","binary_macroalgae_contact","type_of_macroalgae","binary_CCA_contact","sediment_contact","binary_coral_contact","binary_bleaching","bleaching_proportion","notes_bleaching","notes","Year_Pre_Post"
"KI2014.tag4","KI2014.tag4","4","coral","KI2014","Favites_pentagona",35,"gone","KI2014","35","4","","JL","15-01-2016","30.54","21.662","417.829","n","n","n","y","y","n","NONE","y","y","n","y","1","areas of the coral are paling, a few bleached spots, middle spots still dark (Favia)","","KI2014"
"KI2015a_Pre.tag4","KI2015a_Pre.tag4","4","coral","KI2015a_Pre","Favites_pentagona",35,"gone",NA,NA,NA,NA,NA,NA,NA,NA,NA,NA,NA,NA,NA,NA,NA,NA,NA,NA,NA,NA,NA,NA,NA,NA
"KI2015a_Post.tag4","KI2015a_Post.tag4","4","coral","KI2015a_Post","Favites_pentagona",35,"gone",NA,NA,NA,NA,NA,NA,NA,NA,NA,NA,NA,NA,NA,NA,NA,NA,NA,NA,NA,NA,NA,NA,NA,NA
"KI2015b.tag4","KI2015b.tag4","4","coral","KI2015b","Favites_pentagona",35,"gone","KI2015b","35","4","","HD","5/8/2016","39.676","28.848","721.407","n","n","n","n","n","n","NONE","y","y","y","y","1","a few small areas bleached ","","KI2015b"
"KI2015c.tag4","KI2015c.tag4","4","coral","KI2015c","Favites_pentagona",35,"gone","KI2015c","35","4","","HD","24-09-2015","21.756","20.461","400.986","n","y","n","y","y","y","Peysson_red, Peysson_yellow","y","n","y","y","1","A few small patches","","KI2015c"
"KI2014.tag19","KI2014.tag19","19","coral","KI2014","Platygyra_sp",38,"UK","KI2014","38","19","","JL","15-01-2016","18.055","15.778","206.726","n","n","n","y","y","n","NONE","n","y","n","y","2","a large portion of the coral is bleaching, some areas almost completely bleached, some areas just  the tops of ridges (Platygyra)","","KI2014"
"KI2014.tag62","KI2014.tag62","62","coral","KI2014","Platygyra_sp",8,"alive","KI2014","8","62","","JL","1/2/2016","20.296","19.056","295.796","n","n","n","y","y","n","NONE","y","n","y","y","1","there is a large patch where the tops of ridges are bleaching but not completely white (Platygyra) ","","KI2014"
"KI2015a_Post.tag62","KI2015a_Post.tag62","62","coral","KI2015a_Post","Platygyra_sp",8,"alive","KI2015a","8","62","_Post","HD","23-03-2016","20.762","18.507","301.936","n","n","n","y","y","n","NONE","n","y","y","n","NONE","","","KI2015a_Post"
"KI2015b.tag62","KI2015b.tag62","62","coral","KI2015b","Platygyra_sp",8,"alive","KI2015b","8","62","","JL","5/4/2016","26.558","24.144","469.616","n","n","n","y","y","n","NONE","y","y","y","y","1","bleaching around algal patch","","KI2015b"
"KI2015c.tag62","KI2015c.tag62","62","coral","KI2015c","Platygyra_sp",8,"alive","KI2015c","8","62","","HD","7/10/2015","25.475","24.216","514.923","y","y","n","y","y","n","NONE","y","n","y","y","2","Large patches (harder to tell because of shadow)","","KI2015c"
"KI2016a.tag62","KI2016a.tag62","62","coral","KI2016a","Platygyra_sp",8,"alive","KI2016a","8","62","","HD","24-06-2016","33.62","32.466","847.208","n","n","n","y","y","n","NONE","y","y","y","y","2","top of coral bleaching","","KI2016a"
"KI2014.tag99","KI2014.tag99","99","coral","KI2014","Platygyra_sp",35,"alive","KI2014","35","99","","JL","18-02-2016","15.898","16.27","198.536","n","n","n","y","y","n","NONE","y","y","y","y","1","a few bleached spots on the top surface around algal spots ","","KI2014"
"KI2015a_Post.tag99","KI2015a_Post.tag99","99","coral","KI2015a_Post","Platygyra_sp",35,"alive","KI2015a","35","99","_Post","JL","22-03-2016","17.156","16.572","214.561","n","n","n","y","y","n","NONE","y","y","y","y","1","bleaching around algal patches; patches where ridges are starting to bleach ","","KI2015a_Post"
"KI2015b.tag99","KI2015b.tag99","99","coral","KI2015b","Platygyra_sp",35,"alive","KI2015b","35","99","","HD","5/8/2016","19.694","18.238","292.203","n","n","n","y","y","n","NONE","y","y","y","n","NONE","","","KI2015b"
"KI2015c.tag99","KI2015c.tag99","99","coral","KI2015c","Platygyra_sp",35,"alive","KI2015c","35","99","","HD","2/11/2015","15.334","14.777","177.033","n","y","n","y","y","n","NONE","y","n","y","y","2","One large patch","","KI2015c"
"KI2016a.tag99","KI2016a.tag99","99","coral","KI2016a","Platygyra_sp",35,"alive","KI2016a","35","99","","HD","12/7/2016","21.339","20.661","332.947","n","n","n","y","y","n","NONE","y","y","y","y","2","large areas bleached","","KI2016a"
"KI2014.tag148","KI2014.tag148","148","coral","KI2014","Platygyra_sp",30,"UK","KI2014","30","148","","DL","4/2/2016","22.854","16.232","295.858","n","n","n","y","y","n","NONE","n","n","y","n","NONE","","","KI2014"
"KI2014.tag157","KI2014.tag157","157","coral","KI2014","Platygyra_sp",3,"UK","KI2014","3","157","","JL","15-01-2016","14.775","14.545","161.789","n","n","n","y","y","n","NONE","n","y","n","y","1","the top parts of some ridges are bleaching, small amounts of bleaching around algae patches on coral (Platygyra)","","KI2014"
"KI2015c.tag157","KI2015c.tag157","157","coral","KI2015c","Platygyra_sp",3,"UK","KI2015c","3","157","","HD","1/10/2015","18.832","17.49","278.21","n","n","n","y","y","n","NONE","y","n","y","y","3","Most of coral bleached but not very white","","KI2015c"
"KI2014.tag161","KI2014.tag161","161","coral","KI2014","Platygyra_sp",3,"UK","KI2014","3","161","","JL","15-01-2016","17.433","16.82","217.694","n","n","n","y","y","n","NONE","y","y","n","y","1","large portion of coral is starting to pale, one almost white patch <5cm *double check bleaching","","KI2014"
"KI2015c.tag161","KI2015c.tag161","161","coral","KI2015c","Platygyra_sp",3,"UK","KI2015c","3","161","","HD","1/10/2015","21.292","18.43","302.198","n","y","y","y","y","n","NONE","y","n","y","y","3","Majority of the coral has some loss in colour","","KI2015c"
"KI2014.tag164","KI2014.tag164","164","coral","KI2014","Platygyra_sp",3,"UK","KI2014","3","164","","JL","15-01-2016","28.558","24.345","520.248","n","n","n","y","y","y","Halimeda, Peysson_red","y","y","n","y","1","a few small patches where the ridges are bleaching (platygyra)","","KI2014"
"KI2014.tag192","KI2014.tag192","192","coral","KI2014","Favites_pentagona",38,"dead","KI2014","38","192","","DL","14-03-2016","54.585","42.036","1435.434","n","n","n","y","y","n","NONE","n","y","y","y","1","A few small bleached areas ","","KI2014"
"KI2015c.tag192","KI2015c.tag192","192","coral","KI2015c","Favites_pentagona",38,"dead","KI2015c","38","192","","JL","4/1/2016","39.947","33.126","841.945","n","n","n","y","y","n","NONE","y","y","y","y","3","entire coral is severely bleached, both outer and middle parts (Favia matthai) however entire coral is not completely white ","","KI2015c"
"KI2014.tag205","KI2014.tag205","205","coral","KI2014","Favites_pentagona",38,"alive","KI2014","38","205","","DL","11/3/2016","23.372","22.122","318.553","n","n","n","y","y","n","NONE","y","y","y","y","1","a few bleached areas ","","KI2014"
"KI2015c.tag205","KI2015c.tag205","205","coral","KI2015c","Favites_pentagona",38,"alive","KI2015c","38","205","","JL","4/1/2016","24.932","22.317","321.291","n","n","n","y","y","n","NONE","y","y","y","y","2","entire coral is bleaching but not completely white, some areas are severely bleached   ","","KI2015c"
"KI2016a.tag205","KI2016a.tag205","205","coral","KI2016a","Favites_pentagona",38,"alive","KI2016a","38","205","","HD","12/7/2016","29.928","26.719","502.593","n","n","n","y","y","y","Peysson_red","y","y","y","y","2","~ half of area visible bleached","","KI2016a"
"KI2014.tag213","KI2014.tag213","213","coral","KI2014","Favites_pentagona",38,"UK","KI2014","38","213","","DL","11/3/2016","26.807","12.778","263.936","n","n","n","y","y","n","NONE","y","n","n","y","1","a few small patches <5cm","","KI2014"
"KI2015c.tag213","KI2015c.tag213","213","coral","KI2015c","Favites_pentagona",38,"UK","KI2015c","38","213","","JL","11/1/2016","34.796","23.173","418.393","n","n","n","y","y","n","NONE","y","y","n","y","1","top surfaces  bleaching, rest of coral is lightly bleaching or not bleaching at all. ","","KI2015c"
"KI2014.tag223","KI2014.tag223","223","coral","KI2014","Platygyra_sp",3,"UK","KI2014","3","223","","JL","28-01-2016","31.083","26.684","584.323","n","n","n","y","y","n","NONE","y","n","y","y","1","a few small bleached spots ","","KI2014"
"KI2015c.tag223","KI2015c.tag223","223","coral","KI2015c","Platygyra_sp",3,"UK","KI2015c","3","223","","JL","20-11-2015","29.02","28.088","594.321","n","n","n","y","y","n","NONE","y","y","y","y","1","coral is lighter in colour, a few small bleached spots ","","KI2015c"
"KI2014.tag231","KI2014.tag231","231","coral","KI2014","Favites_pentagona",3,"UK","KI2014","3","231","","HD","2/8/2016","21.155","18.435","244.349","n","n","n","y","y","n","NONE","n","y","y","y","2","some larger areas bleached","","KI2014"
"KI2015c.tag231","KI2015c.tag231","231","coral","KI2015c","Favites_pentagona",3,"UK","KI2015c","3","231","","JL","25-11-2015","24.215","14.523","305.96","n","n","n","y","y","n","NONE","y","y","y","n","NONE","","","KI2015c"
"KI2014.tag234","KI2014.tag234","234","coral","KI2014","Platygyra_sp",3,"UK","KI2014","3","234","","DL","28-01-2016","21.273","20.003","114.798","n","n","n","y","y","n","NONE","y","y","y","y","1","patchy bleaching on tops of ridges","","KI2014"
"KI2015c.tag234","KI2015c.tag234","234","coral","KI2015c","Platygyra_sp",3,"UK",NA,NA,NA,NA,NA,NA,NA,NA,NA,NA,NA,NA,NA,NA,NA,NA,NA,NA,NA,NA,NA,NA,NA,NA
"KI2014.tag242","KI2014.tag242","242","coral","KI2014","Platygyra_sp",8,"UK","KI2014","8","242","","DL","1/3/2016","16.239","13.14","164.898","n","n","n","y","y","y","Halimeda","n","y","y","n","NONE","","","KI2014"
"KI2014.tag245","KI2014.tag245","245","coral","KI2014","Favites_pentagona",8,"UK","KI2014","8","245","","DL","1/3/2016","23.472","18.693","295.696","n","n","n","y","y","y","Caulerpa, Peysson_red","n","y","y","y","2","a few patches >5cm","","KI2014"
"KI2014.tag248","KI2014.tag248","248","coral","KI2014","Platygyra_sp",8,"UK","KI2014","8","248","","DL","1/3/2016","15.028","13.525","142.653","n","n","n","y","y","n","NONE","y","y","n","y","1","small area starting to bleach ","","KI2014"
"KI2014.tag249","KI2014.tag249","249","coral","KI2014","Favites_pentagona",8,"UK","KI2014","8","249","","DL","1/3/2016","14.228","12.228","114.908","n","n","n","y","y","n","NONE","y","y","n","y","1","a few small bleached spots ","","KI2014"
"KI2014.tag253","KI2014.tag253","253","coral","KI2014","Platygyra_sp",8,"gone","KI2014","8","253","","DL","17-03-2016","23.05","16.397","262.59","n","n","n","y","y","n","NONE","y","n","y","y","1","a few small spots","","KI2014"
"KI2015a_Post.tag253","KI2015a_Post.tag253","253","coral","KI2015a_Post","Platygyra_sp",8,"gone","KI2015a","8","253","_Post","HD","23-03-2016","27.21","20.28","109.027","n","n","n","y","y","n","NONE","y","y","y","y","1","small bleached patches on top of coral","","KI2015a_Post"
"KI2015b.tag253","KI2015b.tag253","253","coral","KI2015b","Platygyra_sp",8,"gone","KI2015b","8","253","","JM","1/6/2016","20.013","16.514","187.261","n","n","n","y","y","n","NONE","y","y","y","y","1","few small patches bleached","","KI2015b"
"KI2015c.tag253","KI2015c.tag253","253","coral","KI2015c","Platygyra_sp",8,"gone","KI2015c","8","253","","HD","21-09-2015","27.708","21.005","374.508","y","y","n","y","y","n","NONE","y","n","y","y","1","Small very white spots","","KI2015c"
"KI2014.tag258","KI2014.tag258","258","coral","KI2014","Platygyra_sp",27,"UK","KI2014","27","258","","HD","18-03-2016","12.72","10.597","112.834","n","n","n","y","y","n","NONE","n","y","y","y","2","large area on top of coral bleaching, > 5 cm","","KI2014"
"KI2014.tag266","KI2014.tag266","266","coral","KI2014","Platygyra_sp",27,"UK","KI2014","27","266","","HD","18-03-2016","9.953","7.647","62.733","n","n","n","y","y","n","NONE","n","y","n","y","3","much of coral bleached","","KI2014"
"KI2014.tag271","KI2014.tag271","271","coral","KI2014","Favites_pentagona",27,"dead","KI2014","8.5","271","","JL","20-01-2016","10.453","5.093","32.15","n","n","n","y","y","n","NONE","y","y","n","y","1","the tops of some of the ridges are bleaching (Platygyra)","","KI2014"
"KI2015a_Post.tag271","KI2015a_Post.tag271","271","coral","KI2015a_Post","Favites_pentagona",27,"dead","KI2015a","27","271","_Post","JL","24-03-2016","12.01","10.435","88.555","n","n","n","y","y","n","NONE","n","y","n","n","NONE","7.5cm scale was used ","","KI2015a_Post"
"KI2015b.tag271","KI2015b.tag271","271","coral","KI2015b","Favites_pentagona",27,"dead","KI2015b","27","271","","HD","20-05-2016","12.619","9.45","85.956","n","n","n","y","n","y","Halimeda","n","y","y","y","1","small spot on centre","","KI2015b"
"KI2015c.tag271","KI2015c.tag271","271","coral","KI2015c","Favites_pentagona",27,"dead","KI2015c","27","271","","JL","13-11-2015","16.553","10.135","123.115","n","n","n","y","y","n","NONE","n","y","n","y","1","two main patches <5cm ","","KI2015c"
"KI2014.tag273","KI2014.tag273","273","coral","KI2014","Favites_pentagona",14,"gone","KI2014","14","273","","HD","23-02-2016","29.898","18.999","377.746","n","n","n","y","y","n","NONE","y","y","y","n","NONE","","","KI2014"
"KI2014.tag278","KI2014.tag278","278","coral","KI2014","Platygyra_sp",14,"dead_or_gone","KI2014","14","278","","DL","1/3/2016","29.689","24.829","441.862","n","n","n","y","y","n","NONE","y","y","y","y","1","a few small bleached areas ","","KI2014"
"KI2014.tag285","KI2014.tag285","285","coral","KI2014","Favites_pentagona",14,"alive","KI2014","14","285","","HD","18-03-2016","28.057","23.639","507.484","n","n","n","y","y","y","Halimeda, Peysson_red","y","y","y","n","NONE","","","KI2014"
"KI2016a.tag285","KI2016a.tag285","285","coral","KI2016a","Favites_pentagona",14,"alive","KI2016a","14","285","","JM","10/6/2016","31.682","30.395","371.012","n","n","n","y","y","n","NONE","y","y","n","n","NONE","","","KI2016a"
"KI2014.tag289","KI2014.tag289","289","coral","KI2014","Platygyra_sp",14,"alive","KI2014","14","289","","HD","18-03-2016","15.527","14.673","148.141","n","n","n","y","y","n","NONE","n","y","y","y","1","left side starting to bleach","","KI2014"
"KI2016a.tag289","KI2016a.tag289","289","coral","KI2016a","Platygyra_sp",14,"alive","KI2016a","14","289","","JM","10/6/2016","16","14.863","157.824","n","n","n","y","y","n","NONE","y","y","n","y","1","small bleached patch to lower right ","","KI2016a"
"KI2014.tag298","KI2014.tag298","298","coral","KI2014","Favites_pentagona",14,"dead","KI2014","14","298","","HD","18-03-2016","35.857","24.878","506.728","n","n","n","n","n","n","NONE","y","y","y","n","NONE","","","KI2014"
"KI2014.tag299","KI2014.tag299","299","coral","KI2014","Platygyra_sp",14,"dead_or_gone","KI2014","14","299","","HD","18-03-2016","14.866","11.638","144.122","n","n","n","y","y","n","NONE","y","y","y","y","2","bleaching patch > 5 cm","","KI2014"
"KI2014.tag306","KI2014.tag306","306","coral","KI2014","Platygyra_sp",14,"dead_or_gone","KI2014","14","306","","JL","18-03-2016","23.29","16.289","301.23","n","n","n","y","y","n","NONE","n","y","n","y","1","a few small patches where the tops of ridges are bleaching ","","KI2014"
"KI2014.tag311","KI2014.tag311","311","coral","KI2014","Platygyra_sp",34,"alive","KI2014","34","311","","HD","8/3/2016","43.45","34.454","1119.352","n","n","n","y","y","n","NONE","n","y","y","n","NONE","","","KI2014"
"KI2014.tag328","KI2014.tag328","328","coral","KI2014","Platygyra_sp",34,"alive","KI2014","34","328","","NO","23-03-2017","12.38","11.069","106.633","n","n","n","y","y","n","NONE","y","y","n","n","NONE","2.54cm scale used","","KI2014"
"KI2015b.tag328","KI2015b.tag328","328","coral","KI2015b","Platygyra_sp",34,"alive","KI2015b","34","328","","JM","25-05-2016","13.835","11.354","116.7","n","n","n","y","y","n","NONE","y","y","y","y","1","few small bleached spots","","KI2015b"
"KI2015c.tag328","KI2015c.tag328","328","coral","KI2015c","Platygyra_sp",34,"alive","KI2015c","34","328","","JL","4/1/2016","17.347","16.209","208.612","n","n","n","y","y","n","NONE","n","y","n","y","3","entire coral is severeley bleached (completely white) except for the edges that contact the ground, which are normal colour","","KI2015c"
"KI2016a.tag328","KI2016a.tag328","328","coral","KI2016a","Platygyra_sp",34,"alive","KI2016a","34","328","","JM","16-06-2016","14.025","12.206","76.608","n","n","n","y","y","n","NONE","n","y","n","n","NONE","bleaching?","","KI2016a"
"KI2014.tag334","KI2014.tag334","334","coral","KI2014","Favites_pentagona",34,"UK","KI2014","34","334","","DL","10/3/2016","30.184","14.633","239.507","n","n","n","y","y","n","NONE","n","y","n","y","3","extensive bleaching","","KI2014"
"KI2014.tag338","KI2014.tag338","338","coral","KI2014","Platygyra_sp",34,"UK","KI2014","34","338","","JL","18-02-2016","47.589","38.187","1404.439","n","n","n","y","y","y","Halimeda","y","y","y","n","NONE","","","KI2014"
"KI2014.tag341","KI2014.tag341","341","coral","KI2014","Favites_pentagona",34,"gone","KI2014","34","341","","DL","10/3/2016","39.05","38.942","786.807","n","n","n","y","y","y","Halimeda","y","y","y","y","3","extensive bleaching","","KI2014"
"KI2015c.tag341","KI2015c.tag341","341","coral","KI2015c","Favites_pentagona",34,"gone","KI2015c","34","341","","JL","4/1/2016","65.449","50.248","1778.229","n","n","n","y","y","y","Halimeda","n","y","y","y","3","entire coral is bleaching, most areas are severley bleached (almost white), a few small patches still have colour","","KI2015c"
"KI2015c.tag341.2","KI2015c.tag341.2","341.2","coral","KI2015c","Favites_pentagona",34,"gone",NA,NA,NA,NA,NA,NA,NA,NA,NA,NA,NA,NA,NA,NA,NA,NA,NA,NA,NA,NA,NA,NA,NA,NA
"KI2014.tag351","KI2014.tag351","351","coral","KI2014","Platygyra_sp",34,"UK","KI2014","34","351","","DL","22-02-2016","17.32","14.919","187.783","n","n","n","y","y","y","Halimeda","n","y","y","y","2","","","KI2014"
"KI2014.tag352","KI2014.tag352","352","coral","KI2014","Favites_pentagona",34,"UK","KI2014","34","352","","DL","23-02-2016","20.375","17.847","218.894","n","n","n","y","y","n","NONE","n","y","n","y","NONE","","","KI2014"
"KI2014.tag353","KI2014.tag353","353","coral","KI2014","Platygyra_sp",34,"gone","KI2014","34","353","","DL","22-02-2016","17.514","13.932","185.342","n","n","n","y","y","n","NONE","y","y","n","n","NONE","","","KI2014"
"KI2015b.tag353","KI2015b.tag353","353","coral","KI2015b","Platygyra_sp",34,"gone","KI2015b","34","353","","JM","27-05-2016","13.763","12.476","124.129","n","n","n","y","y","n","NONE","y","n","n","n","NONE","","","KI2015b"
"KI2015c.tag353","KI2015c.tag353","353","coral","KI2015c","Platygyra_sp",34,"gone","KI2015c","34","353","","JL","16-12-2015","17.616","15.801","217.646","n","n","n","y","y","n","NONE","y","y","n","y","2","entire coral is bleaching but not completely white, a few patches of severe bleaching","","KI2015c"
"KI2014.tag371","KI2014.tag371","371","coral","KI2014","Platygyra_sp",25,"UK","KI2014","25","371","","HD","19-01-2016","17.583","16.304","217.764","n","y","n","y","y","y","Halimeda, Caulerpa","y","y","y","y","2","Much of coral slightly bleached, a few whiter and larger patches","","KI2014"
"KI2014.tag373","KI2014.tag373","373","coral","KI2014","Favites_pentagona",25,"UK","KI2014","25","373","","JL","20-01-2016","29.64","25.431","395.443","n","n","n","y","y","n","NONE","y","y","y","y","1","tops of mounds are bleaching, some paling in centre of coral, patches are <5cm ","","KI2014"
"KI2015c.tag373","KI2015c.tag373","373","coral","KI2015c","Favites_pentagona",25,"UK","KI2015c","25","373","","HD","7/10/2015","28.989","19.899","361.889","n","n","n","y","y","y","Halimeda, Peysson_red","y","n","y","n","NONE","","","KI2015c"
"KI2014.tag379","KI2014.tag379","379","coral","KI2014","Platygyra_sp",25,"UK","KI2014","25","379","","JL","20-01-2016","13.947","11.191","108.839","n","n","n","y","y","y","Halimeda","y","y","n","y","1","a few patches <5cm where where the ridges are bleaching (Platygyra)","","KI2014"
"KI2015c.tag379","KI2015c.tag379","379","coral","KI2015c","Platygyra_sp",25,"UK","KI2015c","25","379","","HD","29-10-2015","18.846","14.525","218.027","n","n","n","y","y","y","Caulerpa, Peysson_red","y","n","y","y","2","Top very bleached","","KI2015c"
"KI2014.tag386","KI2014.tag386","386","coral","KI2014","Favites_pentagona",30,"alive",NA,NA,NA,NA,NA,NA,NA,NA,NA,NA,NA,NA,NA,NA,NA,NA,NA,NA,NA,NA,NA,NA,NA,NA
"KI2015a_Post.tag386","KI2015a_Post.tag386","386","coral","KI2015a_Post","Favites_pentagona",30,"alive","KI2015a","30","386","_Post","DL","23-03-2016","15.304","12.043","107.631","n","n","n","y","y","n","NONE","n","y","n","n","NONE","","","KI2015a_Post"
"KI2015b.tag386","KI2015b.tag386","386","coral","KI2015b","Favites_pentagona",30,"alive","KI2015b","30","386","","HD","15-09-2016","18.375","17.04","212.55","n","n","n","y","y","n","NONE","y","y","y","n","NONE","","","KI2015b"
"KI2015c.tag386","KI2015c.tag386","386","coral","KI2015c","Favites_pentagona",30,"alive","KI2015c","30","386","","HD","8/10/2015","16.32","17.939","208.167","n","n","n","n","n","n","NONE","y","y","y","n","NONE","","","KI2015c"
"KI2016a.tag386","KI2016a.tag386","386","coral","KI2016a","Favites_pentagona",30,"alive","KI2016a","30","386","","JM","13-06-2016","23.537","14.853","171.17","n","n","n","y","y","n","NONE","n","y","n","y","2","patches bleaching -  one patch seems over 5 cm","","KI2016a"
"KI2014.tag389","KI2014.tag389","389","coral","KI2014","Platygyra_sp",30,"UK",NA,NA,NA,NA,NA,NA,NA,NA,NA,NA,NA,NA,NA,NA,NA,NA,NA,NA,NA,NA,NA,NA,NA,NA
"KI2015b.tag389","KI2015b.tag389","389","coral","KI2015b","Platygyra_sp",30,"UK","KI2015b","30","389","","JM","2/6/2016","14.989","12.397","145.45","n","n","n","y","y","n","NONE","y","y","n","n","NONE","","","KI2015b"
"KI2014.tag400","KI2014.tag400","400","coral","KI2014","Favites_pentagona",25,"UK","KI2014","25","400","","DL","17-03-2016","42.47","39.1","1138.323","n","n","n","y","y","n","NONE","y","y","y","y","3","extensive bleaching","","KI2014"
"KI2015c.tag400","KI2015c.tag400","400","coral","KI2015c","Favites_pentagona",25,"UK","KI2015c","25","400","","JL","30-10-2015","41.918","20.387","567.834","n","n","n","y","y","n","NONE","y","n","n","n","NONE","","","KI2015c"
"KI2014.tag402","KI2014.tag402","402","coral","KI2014","Platygyra_sp",25,"UK","KI2014","25","402","","JL","18-02-2016","29.981","17.196","301.09","n","n","n","y","y","n","NONE","y","y","y","n","NONE ","","","KI2014"
"KI2015c.tag402","KI2015c.tag402","402","coral","KI2015c","Platygyra_sp",25,"UK","KI2015c","25","402","","JL","30-10-2015","31.983","21.843","344.151","n","n","n","y","y","n","NONE","y","y","y","y","2","one large patch (>5cm) and one small patch ","","KI2015c"
"KI2014.tag410","KI2014.tag410","410","coral","KI2014","Platygyra_sp",25,"UK","KI2014","25","410","","JL","19-02-2016","25.965","23.755","413.118","n","n","n","y","y","n","NONE","y","y","y","n","NONE","","","KI2014"
"KI2014.tag412","KI2014.tag412","412","coral","KI2014","Favites_pentagona",25,"UK",NA,NA,NA,NA,NA,NA,NA,NA,NA,NA,NA,NA,NA,NA,NA,NA,NA,NA,NA,NA,NA,NA,NA,NA
"KI2014.tag435","KI2014.tag435","435","coral","KI2014","Favites_pentagona",30,"gone","KI2014","30","435","","JL","2/2/2016","38.207","36.788","850.786","n","n","n","y","y","n","NONE","n","n","n","y","1","a few patches  less than 5cm on the top part of the coral ","","KI2014"
"KI2015b.tag435","KI2015b.tag435","435","coral","KI2015b","Favites_pentagona",30,"gone","KI2015b","30","435","","HD","15-09-2016","13.579","10.372","106.858","n","n","n","y","y","n","NONE","y","y","y","y","1","small bleached patches covering large portion of coral","","KI2015b"
"KI2015c.tag435","KI2015c.tag435","435","coral","KI2015c","Favites_pentagona",30,"gone","KI2015c","30","435","","HD","29-10-2015","16.133","14.095","161.321","n","y","n","y","y","n","NONE","n","y","y","y","1","A few small patches","","KI2015c"
"KI2014.tag439","KI2014.tag439","439","coral","KI2014","Favites_pentagona",30,"alive","KI2014","30","439","","JL","23-02-2016","31.186","26.503","535.478","n","n","n","y","y","y","Peysson_red","y","y","y","y","1","patches on the uppermost surfaces are bleaching, <5cm","","KI2014"
"KI2015b.tag439","KI2015b.tag439","439","coral","KI2015b","Favites_pentagona",30,"alive","KI2015b","30","439","","JM","2/6/2016","30.491","22.951","401.355","n","n","n","y","y","n","NONE","y","y","n","n","NONE","","","KI2015b"
"KI2015c.tag439","KI2015c.tag439","439","coral","KI2015c","Favites_pentagona",30,"alive","KI2015c","30","439","","HD","5/11/2015","26.136","24.684","598.016","n","n","n","y","y","n","NONE","n","y","y","n","NONE","","","KI2015c"
"KI2016a.tag439","KI2016a.tag439","439","coral","KI2016a","Favites_pentagona",30,"alive","KI2016a","30","439","","HD","2/8/2016","38.949","33.088","874.3","n","n","n","y","y","n","NONE","n","y","y","y","2","much of coral bleaching in patches","","KI2016a"
"KI2014.tag442","KI2014.tag442","442","coral","KI2014","Platygyra_sp",30,"gone","KI2014","30","442","","HD","8/3/2016","20.111","19.806","298.19","n","n","n","y","y","n","NONE","y","y","y","y","2","many small bleached patches, 1 larger patch > 5 cm","","KI2014"
"KI2015b.tag442","KI2015b.tag442","442","coral","KI2015b","Platygyra_sp",30,"gone","KI2015b","30","442","","NO","23-03-2017","18.966","16.36","231.51","n","n","n","y","y","y","Peysson_red","y","y","y","y","1","bleached patches near algal clumps ","","KI2015b"
"KI2015c.tag442","KI2015c.tag442","442","coral","KI2015c","Platygyra_sp",30,"gone","KI2015c","30","442","","HD","5/11/2015","43.754","18.796","564.161","n","y","n","y","y","n","NONE","n","n","y","y","1","Many small patches","","KI2015c"
"KI2014.tag447","KI2014.tag447","447","coral","KI2014","Platygyra_sp",27,"UK",NA,NA,NA,NA,NA,NA,NA,NA,NA,NA,NA,NA,NA,NA,NA,NA,NA,NA,NA,NA,NA,NA,NA,NA
"KI2014.tag449","KI2014.tag449","449","coral","KI2014","Favites_pentagona",27,"UK","KI2014","27","449","","JL","18-03-2016","13.747","11.522","125.113","n","n","n","y","y","n","NONE","n","y","n","y","1","areas of the coral are paling, a few small bleached spots ","","KI2014"
"KI2014.tag454","KI2014.tag454","454","coral","KI2014","Favites_pentagona",27,"UK","KI2014","27","454","","JL","18-03-2016","17.157","16.183","206.402","n","n","n","y","y","n","NONE","n","y","n","n","NONE","areas are plaing ","","KI2014"
"KI2014.tag455","KI2014.tag455","455","coral","KI2014","Platygyra_sp",27,"UK","KI2014","27","455","","JL","18-03-2016","9.97","9.416","72.705","n","n","n","y","y","n","NONE","n","y","n","y","2","ridges are severely bleaching over most of coral, middle parts are still dark","","KI2014"
"KI2015a_Post.tag455","KI2015a_Post.tag455","455","coral","KI2015a_Post","Platygyra_sp",27,"UK","KI2015a","27","455","_Post","JL","23-03-2016","7.511","6.693","37.402","n","n","n","y","y","n","NONE","n","y","n","y","1","patches where ridges are severely bleaching, less than 5cm (picutre is a bit overexposed). ","","KI2015a_Post"
"KI2014.tag461","KI2014.tag461","461","coral","KI2014","Platygyra_sp",27,"UK","KI2014","27","461","","JL","18-03-2016","10.165","8.573","64.813","n","n","n","y","y","n","NONE","n","y","y","y","1","patchy bleaching where tops of ridges are bleaching","","KI2014"
"KI2014.tag466","KI2014.tag466","466","coral","KI2014","Platygyra_sp",27,"dead","KI2014","27","466","","JL","19-02-2016","9.216","7.113","161.831","n","n","n","y","y","y","peysson_brown","n","y","n","y","2","ridges are bleaching over most of coral (platygyra) ","","KI2014"
"KI2015a_Post.tag466","KI2015a_Post.tag466","466","coral","KI2015a_Post","Platygyra_sp",27,"dead","KI2015a","27","466","_Post","JL","22-03-2016","8.509","7.238","47.758","n","n","n","y","y","n","NONE","n","y","n","y","1","one patch where tops of ridges are severely bleaching or starting to bleach","","KI2015a_Post"
"KI2015b.tag466","KI2015b.tag466","466","coral","KI2015b","Platygyra_sp",27,"dead","KI2015b","27","466","","HD","6/5/2016","12.456","10.338","96.233","n","n","n","y","y","n","NONE","n","y","y","y","3",">80% of coral bleaching","","KI2015b"
"KI2015c.tag466","KI2015c.tag466","466","coral","KI2015c","Platygyra_sp",27,"dead","KI2015c","27","466","","JL","20-11-2015","8.79","8.775","63.406","n","n","n","y","y","n","NONE","n","y","n","y","2","one pactch >5cm","","KI2015c"
"KI2014.tag470","KI2014.tag470","470","coral","KI2014","Platygyra_sp",27,"gone","KI2014","27","470","","JL","19-02-2016","12.296","9.617","96.513","n","n","n","y","y","n","NONE","n","y","n","y","1","a few small patches where ridges are bleaching ","","KI2014"
"KI2015a_Post.tag470","KI2015a_Post.tag470","470","coral","KI2015a_Post","Platygyra_sp",27,"gone","KI2015a","27","470","_Post","JL","22-03-2016","11.822","8.726","87.804","n","n","n","y","y","n","NONE","n","y","n","y","1","patches where ridges are bleaching on top of coral ","","KI2015a_Post"
"KI2015b.tag470","KI2015b.tag470","470","coral","KI2015b","Platygyra_sp",27,"gone","KI2015b","27","470","","HD","6/5/2016","10.455","8.053","65.825","n","n","n","y","y","n","NONE","y","y","y","y","2","many small areas are bleached or starting to","","KI2015b"
"KI2015c.tag470","KI2015c.tag470","470","coral","KI2015c","Platygyra_sp",27,"gone",NA,NA,NA,NA,NA,NA,NA,NA,NA,NA,NA,NA,NA,NA,NA,NA,NA,NA,NA,NA,NA,NA,NA,NA
"KI2014.tag473","KI2014.tag473","473","coral","KI2014","Favites_pentagona",27,"UK","KI2014","27","473","","JL","18-03-2016","11.44","7.757","69.683","n","n","n","y","y","n","NONE","n","y","y","n","NONE","","","KI2014"
"KI2014.tag479","KI2014.tag479","479","coral","KI2014","Platygyra_sp",32,"UK","KI2014","32","479","","HD","15-02-2016","30.199","28.227","646.765","n","n","n","y","y","n","NONE","n","y","n","y","1","a few bleached patches","","KI2014"
"KI2014.tag482","KI2014.tag482","482","coral","KI2014","Favites_pentagona",32,"alive","KI2014","32","482","","JL","15-01-2016","21.915","20.317","353.06","n","n","n","n","n","n","NONE","n","y","n","y","2","most of coral is starting to bleach, one side of coral is more severe, middle parts still dark (F. pentagona)","","KI2014"
"KI2015b.tag482","KI2015b.tag482","482","coral","KI2015b","Favites_pentagona",32,"alive","KI2015b","32","482","","JM","26-05-2016","18.487","16.179","212.399","n","n","n","y","y","n","NONE","n","y","n","n","NONE","","","KI2015b"
"KI2015c.tag482","KI2015c.tag482","482","coral","KI2015c","Favites_pentagona",32,"alive","KI2015c","32","482","","HD","8/10/2015","24.461","20.293","374.857","n","y","n","n","n","n","NONE","n","y","n","y","3","Most of coral bleached","","KI2015c"
"KI2016a.tag482","KI2016a.tag482","482","coral","KI2016a","Favites_pentagona",32,"alive",NA,NA,NA,NA,NA,NA,NA,NA,NA,NA,NA,NA,NA,NA,NA,NA,NA,NA,NA,NA,NA,NA,NA,NA
"KI2014.tag486","KI2014.tag486","486","coral","KI2014","Platygyra_sp",32,"UK","KI2014","32","486","","JL","15-01-2016","13.056","12.194","122.691","n","n","n","y","y","n","NONE","n","y","n","y","2","entire coral bleaching, sides of the ridges are still dark (Platygyra) ","","KI2014"
"KI2015b.tag486","KI2015b.tag486","486","coral","KI2015b","Platygyra_sp",32,"UK","KI2015b","32","486","","JM","25-05-2016","12.23","11.642","102.076","n","n","n","y","y","n","NONE","n","y","n","y","1","one bleached patch and most of coral is paling","","KI2015b"
"KI2014.tag487","KI2014.tag487","487","coral","KI2014","Favites_pentagona",32,"UK","KI2014","32","487","","JL","15-01-2016","14.791","13.296","138.286","n","n","n","y","y","n","NONE","n","y","y","y","2","a large portion of the coral is bleaching/almost white, middle parts are still dark (F. pentagona) - IMG_4492 is zoomed in and you can see the coral is bleaching on the sides and it is not just light","","KI2014"
"KI2015b.tag487","KI2015b.tag487","487","coral","KI2015b","Favites_pentagona",32,"UK","KI2015b","32","487","","JM","25-05-2016","13.654","12.412","114.559","n","n","n","y","y","n","NONE","y","y","y","y","1","a few bleaching/paling ridges","","KI2015b"
"KI2015c.tag487","KI2015c.tag487","487","coral","KI2015c","Favites_pentagona",32,"UK","KI2015c","32","487","","HD","22-10-2015","16.625","14.149","189.963","n","n","n","y","y","n","NONE","n","y","y","y","1","Few small lighter spots","","KI2015c"
"KI2014.tag492","KI2014.tag492","492","coral","KI2014","Favites_pentagona",32,"dead","KI2014","32","492","","HD","15-02-2016","19.004","17.339","223.873","n","n","n","y","y","n","NONE","n","y","y","y","2","3 patches > 5 cm","","KI2014"
"KI2015b.tag492","KI2015b.tag492","492","coral","KI2015b","Favites_pentagona",32,"dead","KI2015b","32","492","","JM","25-05-2016","15.549","15.172","130.288","n","n","n","y","y","n","NONE","y","y","n","y","1","two smal bleach patches","","KI2015b"
"KI2015c.tag492","KI2015c.tag492","492","coral","KI2015c","Favites_pentagona",32,"dead","KI2015c","32","492","","HD","29-10-2015","13.502","14.672","133.941","n","n","n","y","y","n","NONE","n","y","y","n","NONE","Scale 12 cm","","KI2015c"
"KI2014.tag504","KI2014.tag504","504","coral","KI2014","Platygyra_sp",14,"dead_or_gone","KI2014","14","504","","HD","19-01-2016","15.146","14.936","167.603","n","n","n","y","y","n","NONE","y","y","y","n","NONE","","","KI2014"
"KI2015a_Pre.tag583","KI2015a_Pre.tag583","583","coral","KI2015a_Pre","Favites_pentagona",15,"UK",NA,NA,NA,NA,NA,NA,NA,NA,NA,NA,NA,NA,NA,NA,NA,NA,NA,NA,NA,NA,NA,NA,NA,NA
"KI2015b.tag583","KI2015b.tag583","583","coral","KI2015b","Favites_pentagona",15,"UK","KI2015b","15","583","","HD","3/5/2016","31.399","16.13","358.156","n","n","n","y","y","n","NONE","y","n","y","y","2","much bleaching on the top of the coral, some of the sides are okay ","","KI2015b"
"KI2015c.tag583","KI2015c.tag583","583","coral","KI2015c","Favites_pentagona",15,"UK","KI2015c","15","583","","JL","4/12/2015","30.495","16.96","340.379","n","n","n","y","y","n","NONE","y","y","y","y","3","entire coral severely bleached","","KI2015c"
"KI2016a.tag583","KI2016a.tag583","583","coral","KI2016a","Favites_pentagona",15,"UK",NA,NA,NA,NA,NA,NA,NA,NA,NA,NA,NA,NA,NA,NA,NA,NA,NA,NA,NA,NA,NA,NA,NA,NA
"KI2015a_Pre.tag588","KI2015a_Pre.tag588","588","coral","KI2015a_Pre","Favites_pentagona",15,"alive",NA,NA,NA,NA,NA,NA,NA,NA,NA,NA,NA,NA,NA,NA,NA,NA,NA,NA,NA,NA,NA,NA,NA,NA
"KI2015b.tag588","KI2015b.tag588","588","coral","KI2015b","Favites_pentagona",15,"alive","KI2015b","15","588","","HD","3/5/2016","28.7","26.776","520.621","n","n","n","y","y","n","NONE","y","y","y","y","1","some slightly lighter coloured patches","","KI2015b"
"KI2015c.tag588","KI2015c.tag588","588","coral","KI2015c","Favites_pentagona",15,"alive","KI2015c","15","588","","JL","4/12/2015","25.876","22.314","335.485","n","n","n","y","y","n","NONE","y","y","n","y","1","a few small patches, some areas are lighter in colour  ","","KI2015c"
"KI2016a.tag588","KI2016a.tag588","588","coral","KI2016a","Favites_pentagona",15,"alive","KI2016a","15","588","","HD","10/6/2016","34.046","32.687","751.119","n","n","n","y","y","n","NONE","y","y","y","y","2","large patches of bleach and some algae growth","","KI2016a"
"KI2015a_Pre.tag592","KI2015a_Pre.tag592","592","coral","KI2015a_Pre","Favites_pentagona",15,"alive",NA,NA,NA,NA,NA,NA,NA,NA,NA,NA,NA,NA,NA,NA,NA,NA,NA,NA,NA,NA,NA,NA,NA,NA
"KI2015b.tag592","KI2015b.tag592","592","coral","KI2015b","Favites_pentagona",15,"alive","KI2015b","15","592","","HD","3/5/2016","32.451","29.2","656.975","n","n","n","y","y","n","NONE","y","n","y","y","1","starting to bleach a small amount at centre of coral","","KI2015b"
"KI2015c.tag592","KI2015c.tag592","592","coral","KI2015c","Favites_pentagona",15,"alive",NA,NA,NA,NA,NA,NA,NA,NA,NA,NA,NA,NA,NA,NA,NA,NA,NA,NA,NA,NA,NA,NA,NA,NA
"KI2016a.tag592","KI2016a.tag592","592","coral","KI2016a","Favites_pentagona",15,"alive","KI2016a","15","592","","HD","10/6/2016","35.55","34.325","751.7","n","n","n","y","y","n","NONE","y","y","y","y","3","completely bleached","","KI2016a"
"KI2015a_Pre.tag594","KI2015a_Pre.tag594","594","coral","KI2015a_Pre","Platygyra_sp",15,"alive",NA,NA,NA,NA,NA,NA,NA,NA,NA,NA,NA,NA,NA,NA,NA,NA,NA,NA,NA,NA,NA,NA,NA,NA
"KI2015c.tag594","KI2015c.tag594","594","coral","KI2015c","Platygyra_sp",15,"alive","KI2015c","15","594","","JL","11/12/2015","34.713","31.673","808.882","n","n","n","y","y","n","NONE","n","y","y","y","2","most of coral is bleaching, top portion of coral is severly bleached, some areas still have a bit of colour ~2/3-3/4 bleached","","KI2015c"
"KI2016a.tag594","KI2016a.tag594","594","coral","KI2016a","Platygyra_sp",15,"alive","KI2016a","15","594","","HD","10/6/2016","25.892","22.888","521.106","n","n","n","y","y","n","NONE","y","y","y","y","3","algae growing but mostly bleached","","KI2016a"
"KI2015a_Pre.tag597","KI2015a_Pre.tag597","597","coral","KI2015a_Pre","Favites_pentagona",15,"alive",NA,NA,NA,NA,NA,NA,NA,NA,NA,NA,NA,NA,NA,NA,NA,NA,NA,NA,NA,NA,NA,NA,NA,NA
"KI2015b.tag597","KI2015b.tag597","597","coral","KI2015b","Favites_pentagona",15,"alive","KI2015b","15","597","","HD","3/5/2016","29.549","23.434","413.265","n","n","n","y","y","n","NONE","y","y","y","n","NONE","","","KI2015b"
"KI2015c.tag597","KI2015c.tag597","597","coral","KI2015c","Favites_pentagona",15,"alive","KI2015c","15","597","","JL","11/12/2015","35.751","29.422","789.484","n","n","n","y","y","n","NONE","n","y","y","y","3","over 80% of coral severely bleached, but not completely white ","","KI2015c"
"KI2016a.tag597","KI2016a.tag597","597","coral","KI2016a","Favites_pentagona",15,"alive","KI2016a","15","597","","HD","10/6/2016","31.351","19.271","404.609","n","n","n","y","y","n","NONE","y","y","y","y","3","completely bleached and overgrown","","KI2016a"
"KI2015a_Pre.tag605","KI2015a_Pre.tag605","605","coral","KI2015a_Pre","Favites_pentagona",15,"gone",NA,NA,NA,NA,NA,NA,NA,NA,NA,NA,NA,NA,NA,NA,NA,NA,NA,NA,NA,NA,NA,NA,NA,NA
"KI2015c.tag605","KI2015c.tag605","605","coral","KI2015c","Favites_pentagona",15,"gone","KI2015c","15","605","","JL","2/12/2015","39.117","32.086","783.556","n","n","n","y","y","n","NONE","y","y","n","y","2","large portion 1/3-2/3 is severely bleached, rest of coral is normal in colour","","KI2015c"
"KI2015a_Pre.tag612","KI2015a_Pre.tag612","612","coral","KI2015a_Pre","Platygyra_sp",15,"alive",NA,NA,NA,NA,NA,NA,NA,NA,NA,NA,NA,NA,NA,NA,NA,NA,NA,NA,NA,NA,NA,NA,NA,NA
"KI2015c.tag612","KI2015c.tag612","612","coral","KI2015c","Platygyra_sp",15,"alive","KI2015c","15","612","","JL","2/12/2015","24.696","18.39","376.403","n","n","n","y","y","n","NONE","n","y","n","y","1","one small patch <5cm","","KI2015c"
"KI2016a.tag612","KI2016a.tag612","612","coral","KI2016a","Platygyra_sp",15,"alive",NA,NA,NA,NA,NA,NA,NA,NA,NA,NA,NA,NA,NA,NA,NA,NA,NA,NA,NA,NA,NA,NA,NA,NA
"KI2015a_Pre.tag618","KI2015a_Pre.tag618","618","coral","KI2015a_Pre","Platygyra_sp",15,"alive",NA,NA,NA,NA,NA,NA,NA,NA,NA,NA,NA,NA,NA,NA,NA,NA,NA,NA,NA,NA,NA,NA,NA,NA
"KI2015c.tag618","KI2015c.tag618","618","coral","KI2015c","Platygyra_sp",15,"alive","KI2015c","15","618","","JL","3/12/2015","37.719","34.759","921.111","n","n","n","y","y","n","NONE","n","y","y","y","3","entire coral is severely bleached","","KI2015c"
"KI2016a.tag618","KI2016a.tag618","618","coral","KI2016a","Platygyra_sp",15,"alive","KI2016a","15","618","","HD","16-09-2016","28.747","27.236","612.9","n","n","n","y","y","n","NONE","y","y","y","y","2","many large bleached patches","","KI2016a"
"KI2015a_Pre.tag623","KI2015a_Pre.tag623","623","coral","KI2015a_Pre","Favites_pentagona",15,"gone",NA,NA,NA,NA,NA,NA,NA,NA,NA,NA,NA,NA,NA,NA,NA,NA,NA,NA,NA,NA,NA,NA,NA,NA
"KI2015c.tag623","KI2015c.tag623","623","coral","KI2015c","Favites_pentagona",15,"gone","KI2015c","15","623","","JL","2/12/2015","37.713","25.604","713.212","n","n","n","y","y","n","NONE","y","y","n","y","3","entire coral severely bleached ","","KI2015c"
"KI2015a_Pre.tag628","KI2015a_Pre.tag628","628","coral","KI2015a_Pre","Favites_pentagona",15,"gone",NA,NA,NA,NA,NA,NA,NA,NA,NA,NA,NA,NA,NA,NA,NA,NA,NA,NA,NA,NA,NA,NA,NA,NA
"KI2015c.tag628","KI2015c.tag628","628","coral","KI2015c","Favites_pentagona",15,"gone","KI2015c","15","628","","JL","3/12/2015","50.652","46.266","1554.789","n","n","n","y","y","n","NONE","y","y","y","y","2","large portion of coral is bleached but <80%","","KI2015c"
"KI2015c.tag631","KI2015c.tag631","631","coral","KI2015c","Favites_pentagona",15,"dead",NA,NA,NA,NA,NA,NA,NA,NA,NA,NA,NA,NA,NA,NA,NA,NA,NA,NA,NA,NA,NA,NA,NA,NA
"KI2015a_Post.tag637","KI2015a_Post.tag637","637","coral","KI2015a_Post","Platygyra_sp",35,"alive","KI2015a","35","637","_Post","JL","22-03-2016","10.094","9.446","73.227","n","n","n","y","y","n","NONE","y","y","n","y","1","five small bleached spots around algae patches","","KI2015a_Post"
"KI2015b.tag637","KI2015b.tag637","637","coral","KI2015b","Platygyra_sp",35,"alive","KI2015b","35","637","","HD","5/8/2016","10.713","8.647","74.676","n","n","n","y","y","n","NONE","n","y","n","y","2","large area bleached","","KI2015b"
"KI2016a.tag637","KI2016a.tag637","637","coral","KI2016a","Platygyra_sp",35,"alive","KI2016a","35","637","","HD","12/7/2016","10.16","9.188","69.53","n","n","n","y","y","n","NONE","n","y","y","y","3","large area bleach and much starting to bleach","","KI2016a"
"KI2015b.tag656","KI2015b.tag656","656","coral","KI2015b","Favites_pentagona",19,"UK","KI2015b","19","656","","HD","6/5/2016","30.804","22.799","537.956","n","n","n","y","y","n","NONE","y","n","y","y","2","many patches starting to bleach","","KI2015b"
"KI2015c.tag656","KI2015c.tag656","656","coral","KI2015c","Favites_pentagona",19,"UK","KI2015c","19","656","","HD","13-11-2015","24.047","20.671","473.454","n","n","n","y","y","n","NONE","y","n","y","y","3","Most of coral bleached","","KI2015c"
"KI2015b.tag685","KI2015b.tag685","685","coral","KI2015b","Favites_pentagona",27,"UK","KI2015b","27","685","","HD","20-05-2016","10.714","8.558","68.43","n","n","n","y","y","n","NONE","n","y","y","y","2","patch in centre >5cm and other areas starting to bleach","","KI2015b"
"KI2015b.tag696","KI2015b.tag696","696","coral","KI2015b","Platygyra_sp",8,"UK","KI2015b","8","696","","JM","1/6/2016","13.598","12.658","123.536","n","n","n","y","y","n","NONE","y","y","n","y","1","small patchy bleaching","","KI2015b"
"KI2015c.tag696","KI2015c.tag696","696","coral","KI2015c","Platygyra_sp",8,"UK","KI2015c","8","696","","JL","27-11-2015","15.811","15.239","179.918","n","n","n","y","y","n","NONE","n","y","n","y","2","bleaching over most of coral <80% ","","KI2015c"
"KI2016a.tag696","KI2016a.tag696","696","coral","KI2016a","Platygyra_sp",8,"UK","KI2016a","8","696","","HD","24-06-2016","16.056","14.863","173.108","n","n","n","y","y","n","NONE","y","y","y","y","1","some areas starting to bleach, algae","","KI2016a"
"KI2015b.tag719","KI2015b.tag719","719","coral","KI2015b","Favites_pentagona",8,"dead","KI2015b","8","719","","JM","3/6/2016","26.218","18.039","273.358","n","n","n","y","y","n","NONE","y","y","y","y","1","two bleached patches <5cm","","KI2015b"
"KI2015c.tag719","KI2015c.tag719","719","coral","KI2015c","Favites_pentagona",8,"dead","KI2015c","8","719","","HD","7/10/2015","34.457","23.061","641.893","n","n","n","y","y","y","Halimeda","n","y","y","y","1","Small patches","","KI2015c"
"KI2015b.tag722","KI2015b.tag722","722","coral","KI2015b","Favites_pentagona",27,"gone",NA,NA,NA,NA,NA,NA,NA,NA,NA,NA,NA,NA,NA,NA,NA,NA,NA,NA,NA,NA,NA,NA,NA,NA
"KI2015c.tag722","KI2015c.tag722","722","coral","KI2015c","Favites_pentagona",27,"gone","KI2015c","27","722","","JL","20-11-2015","27.538","15.931","256.864","n","n","n","y ","y","n","NONE","n","y","n","y","2","majority of coral is bleaching, middle parts still dark","","KI2015c"
"KI2015b.tag726","KI2015b.tag726","726","coral","KI2015b","Favites_pentagona",27,"gone","KI2015b","27","726","","JM","25-05-2016","11.944","9.982","80.036","n","n","n","y","y","n","NONE","n","y","y","n","NONE","","","KI2015b"
"KI2015c.tag726","KI2015c.tag726","726","coral","KI2015c","Favites_pentagona",27,"gone",NA,NA,NA,NA,NA,NA,NA,NA,NA,NA,NA,NA,NA,NA,NA,NA,NA,NA,NA,NA,NA,NA,NA,NA
"KI2015b.tag727","KI2015b.tag727","727","coral","KI2015b","Platygyra_sp",27,"gone","KI2015b","27","727","","JM","25-05-2016","18.879","13.867","195.383","n","n","n","y","y","n","NONE","y","y","n","y","1","several small bleached spots","","KI2015b"
"KI2015c.tag727","KI2015c.tag727","727","coral","KI2015c","Platygyra_sp",27,"gone",NA,NA,NA,NA,NA,NA,NA,NA,NA,NA,NA,NA,NA,NA,NA,NA,NA,NA,NA,NA,NA,NA,NA,NA
"KI2015b.tag729","KI2015b.tag729","729","coral","KI2015b","Favites_pentagona",27,"alive","KI2015b","27","729","","JM","25-05-2016","14.907","13.14","143.309","n","n","n","y","y","n","NONE","y","y","y","n","NONE","","","KI2015b"
"KI2015c.tag729","KI2015c.tag729","729","coral","KI2015c","Favites_pentagona",27,"alive","KI2015c","27","729","","JL","13-11-2015","15.506","14.975","181.117","n","n","n","n","y","n","NONE","n","y","n","y","1","portions of coral are starting to bleach, middle parts are not ","","KI2015c"
"KI2016a.tag729","KI2016a.tag729","729","coral","KI2016a","Favites_pentagona",27,"alive",NA,NA,NA,NA,NA,NA,NA,NA,NA,NA,NA,NA,NA,NA,NA,NA,NA,NA,NA,NA,NA,NA,NA,NA
"KI2015b.tag735","KI2015b.tag735","735","coral","KI2015b","Platygyra_sp",27,"gone","KI2015b","27","735","","JM","25-05-2016","12.547","9.346","113.264","n","n","n","y","y","n","NONE","n","y","n","y","NONE","","","KI2015b"
"KI2015c.tag735","KI2015c.tag735","735","coral","KI2015c","Platygyra_sp",27,"gone",NA,NA,NA,NA,NA,NA,NA,NA,NA,NA,NA,NA,NA,NA,NA,NA,NA,NA,NA,NA,NA,NA,NA,NA
"KI2015b.tag736","KI2015b.tag736","736","coral","KI2015b","Favites_pentagona",27,"gone","KI2015b","27","736","","JM","25-05-2016","11.902","10.601","99.513","n","n","n","y","y","n","NONE","n","y","n","y","1","few small patches bleached","","KI2015b"
"KI2015c.tag736","KI2015c.tag736","736","coral","KI2015c","Favites_pentagona",27,"gone","KI2015c","27","736","","JL","20-11-2015","13.827","13.799","158.73","n","n","n","n","n","n","NONE","n","y","n","y","1","Entire coral is starting to bleach, middle parts are still dark (Favia matthai)","","KI2015c"
"KI2015b.tag742","KI2015b.tag742","742","coral","KI2015b","Platygyra_sp",32,"dead","KI2015b","32","742","","JM","26-05-2016","10.798","10.382","85.011","n","n","n","y","y","n","NONE","n","y","y","n","NONE","","","KI2015b"
"KI2015c.tag742","KI2015c.tag742","742","coral","KI2015c","Platygyra_sp",32,"dead","KI2015c","32","742","","HD","22-10-2015","19.867","19.87","317.871","n","n","n","y","y","n","NONE","n","y","n","n","NONE","","","KI2015c"
"KI2015b.tag754","KI2015b.tag754","754","coral","KI2015b","Platygyra_sp",32,"alive","KI2015b","32","754","","JM","26-05-2016","15.038","14.335","164.541","n","n","n","y","y","n","NONE","y","y","n","y","1","a few blaeched spots around algal patches ","","KI2015b"
"KI2015c.tag754","KI2015c.tag754","754","coral","KI2015c","Platygyra_sp",32,"alive","KI2015c","32","754","","JL","12/11/2015","16.384","12.883","178.142","n","n","n","y","y","n","NONE","n","y","n","y","1","a few spots <5cm ","","KI2015c"
"KI2015b.tag762","KI2015b.tag762","762","coral","KI2015b","Platygyra_sp",32,"dead","KI2015b","32","762","","HD","27-05-2016","10.758","9.336","81.041","n","n","m","y","y","n","NONE","n","y","y","n","NONE","","","KI2015b"
"KI2015c.tag762","KI2015c.tag762","762","coral","KI2015c","Platygyra_sp",32,"dead","KI2015c","32","762","","JL","12/11/2015","13.594","13.039","143.675","n","n","n","y","y","n","NONE","n","y","n","y","1","two main patches <5cm ","","KI2015c"
"KI2015b.tag766","KI2015b.tag766","766","coral","KI2015b","Platygyra_sp",32,"dead","KI2015b","32","766","","HD","27-05-2016","16.615","16.555","205.054","n","n","n","y","y","n","NONE","n","y","y","y","2","centre of coral bleaching","","KI2015b"
"KI2015c.tag766","KI2015c.tag766","766","coral","KI2015c","Platygyra_sp",32,"dead","KI2015c","32","766","","JL","12/11/2015","23.427","21.575","384.659","n","n","n","y","y","n","NONE","n","y","n","y","1","one prominent spot <5cm, a few lighter areas ","","KI2015c"
"KI2015b.tag768","KI2015b.tag768","768","coral","KI2015b","Platygyra_sp",32,"dead","KI2015b","32","768","","HD","27-05-2016","13.079","12.948","122.799","n","n","n","y","y","n","NONE","n","y","n","y","1","a few small spots","","KI2015b"
"KI2015c.tag768","KI2015c.tag768","768","coral","KI2015c","Platygyra_sp",32,"dead","KI2015c","32","768","","JL","13-11-2015","16.501","14.93","204.927","n","n","n","n","n","n","NONE","n","y","n","y","1","several patches <5cm","","KI2015c"
"KI2015b.tag770","KI2015b.tag770","770","coral","KI2015b","Favites_pentagona",32,"alive","KI2015b","32","770","","HD","27-05-2016","10.328","9.758","87.637","n","n","n","y","y","n","NONE","y","y","y","y","1","a couple spots starting to bleach","","KI2015b"
"KI2015c.tag770","KI2015c.tag770","770","coral","KI2015c","Favites_pentagona",32,"alive",NA,NA,NA,NA,NA,NA,NA,NA,NA,NA,NA,NA,NA,NA,NA,NA,NA,NA,NA,NA,NA,NA,NA,NA
"KI2016a.tag770","KI2016a.tag770","770","coral","KI2016a","Favites_pentagona",32,"alive","KI2016a","32","770","","JM","21-06-2016","10.553","7.779","60.421","n","n","y","y","y","n","NONE","y","y","n","y","1","small patches starting to bleach ","","KI2016a"
"KI2015b.tag772","KI2015b.tag772","772","coral","KI2015b","Favites_pentagona",32,"dead","KI2015b","32","772","","HD","27-05-2016","17.667","15.592","189.852","n","n","n","y","y","n","NONE","y","y","n","y","1","a couple areas on top starting to bleach","","KI2015b"
"KI2015c.tag772","KI2015c.tag772","772","coral","KI2015c","Favites_pentagona",32,"dead","KI2015c","32","772","","JL","9/11/2015","26.505","20.269","353.405","n","n","n","y","y","n","NONE","y","y","n","y","2","most of corel s lighter in color, some larger patches of more obious bleaching*","","KI2015c"
"KI2015b.tag781","KI2015b.tag781","781","coral","KI2015b","Favites_pentagona",34,"UK","KI2015b","34","781","","JM","27-05-2016","32.91","19.768","345.362","n","n","n","y","y","n","NONE","y","y","y","y","1","a few small bleached spots, one around algal patch ","","KI2015b"
"KI2015c.tag781","KI2015c.tag781","781","coral","KI2015c","Favites_pentagona",34,"UK","KI2015c","34","781","","JL","4/1/2016","21.283","15.039","247.929","n","n","n","y","y","n","NONE","y","y","n","y","3"," entire coral is severely bleaching (almost completely white), a few patches have still retained some colour ","","KI2015c"
"KI2015b.tag783","KI2015b.tag783","783","coral","KI2015b","Platygyra_sp",34,"alive","KI2015b","34","783","","JM","27-05-2016","20.063","13.923","190.304","n","n","n","y","y","n","NONE","y","y","y","n","NONE","","","KI2015b"
"KI2016a.tag783","KI2016a.tag783","783","coral","KI2016a","Platygyra_sp",34,"alive","KI2016a","34","783","","JM","16-06-2016","20.63","16.079","226.487","n","n","n","y","y","n","NONE","y","y","n","y","1","small patches starting to bleach","","KI2016a"
"KI2015b.tag786","KI2015b.tag786","786","coral","KI2015b","Favites_pentagona",34,"alive","KI2015b","34","786","","HD","15-09-2016","30.358","15.603","278.52","n","n","n","y","y","n","NONE","y","y","y","n","NONE","* photo very blurry","","KI2015b"
"KI2015c.tag786","KI2015c.tag786","786","coral","KI2015c","Favites_pentagona",34,"alive","KI2015c","34","786","","JL","27-01-2016","41.113","21.744","635.324","n","n","n","y","y","n","NONE","y","y","y","y","2","a large portion of the coral Is severely bleaching (tops of lumps/parts closer to surface), some areas still have a bit of colour. ","","KI2015c"
"KI2016a.tag786","KI2016a.tag786","786","coral","KI2016a","Favites_pentagona",34,"alive","KI2016a","34","786","","HD","2/8/2016","24.274","21.711","355.033","n","n","n","y","y","n","NONE","y","y","y","n","NONE","","","KI2016a"
"KI2015b.tag788","KI2015b.tag788","788","coral","KI2015b","Platygyra_sp",5,"alive","KI2015b","5","788","","JL","5/4/2016","16.353","12.765","156.354","n","n","n","y","y","n","NONE","y","y","y","y","1","a few small bleached spots ","","KI2015b"
"KI2015c.tag788","KI2015c.tag788","788","coral","KI2015c","Platygyra_sp",5,"alive","KI2015c","5","788","","JL","25-11-2015","33.819","27.862","858.226","n","n","n","y","y","n","NONE","n","y","n","y","2","widespread but not completely bleached","","KI2015c"
"KI2016a.tag788","KI2016a.tag788","788","coral","KI2016a","Platygyra_sp",5,"alive","KI2016a","5","788","","HD","3/6/2016","34.442","34.224","883.711","n","n","n","y","y","n","NONE","y","y","y","y","3","most of coral bleached or starting to bleach","","KI2016a"
"KI2015b.tag792","KI2015b.tag792","792","coral","KI2015b","Platygyra_sp",5,"alive","KI2015b","5","792","","HD","5/8/2016","18.074","17.316","246.693","n","n","n","n","n","n","NONE","y","y","y","y","1","some small areas","","KI2015b"
"KI2015c.tag792","KI2015c.tag792","792","coral","KI2015c","Platygyra_sp",5,"alive","KI2015c","5","792","","JL","25-11-2015","33.266","29.339","824.397","n","n","n","y","y","n","NONE","y","y","y","y","2","large proportion of coral bleached but not severe","","KI2015c"
"KI2016a.tag792","KI2016a.tag792","792","coral","KI2016a","Platygyra_sp",5,"alive","KI2016a","5","792","","JM","8/6/2016","32.789","31.958","760.42","n","n","n","y","y","y","Halimeda","y","y","n","y","1","small bleached patches","","KI2016a"
"KI2015b.tag797","KI2015b.tag797","797","coral","KI2015b","Platygyra_sp",5,"alive","KI2015b","5","797","","JM","1/6/2016","22.923","20.339","325.753","n","n","n","y","y","n","NONE","y","y","n","y","1","small bleached patch towards bottom of coral","","KI2015b"
"KI2015c.tag797","KI2015c.tag797","797","coral","KI2015c","Platygyra_sp",5,"alive","KI2015c","5","797","","JL","25-11-2015","19.946","17.076","397.059","n","n","n","y","y","n","NONE","n","y","n","y","1","most of coral is lighter in colour","","KI2015c"
"KI2016a.tag797","KI2016a.tag797","797","coral","KI2016a","Platygyra_sp",5,"alive","KI2016a","5","797","","HD","3/6/2016","29.133","28.132","626.296","n","n","n","y","y","n","NONE","n","y","y","y","3","coral bleached and overgrown with turf in centre","","KI2016a"
"KI2015b.tag800","KI2015b.tag800","800","coral","KI2015b","Favites_pentagona",5,"gone","KI2015b","5","800","","JM","1/6/2016","17.723","15.674","168.539","n","n","n","y","y","h","NONE","y","y","y","y","1","a few bleached spots smaller than 5cm ","","KI2015b"
"KI2015c.tag800","KI2015c.tag800","800","coral","KI2015c","Favites_pentagona",5,"gone","KI2015c","5","800","","JL","25-11-2015","24.531","20.465","343.377","n","n","n","y","y","y","Halimeda","y","y","n","y","2","~2/3 of coral is severely bleaching, top surface is almost completely bleached","","KI2015c"
"KI2015b.tag807","KI2015b.tag807","807","coral","KI2015b","Platygyra_sp",5,"alive","KI2015b","5","807","","JM","3/6/2016","51.946","34.705","1375.952","n","n","n","y","y","y","Halimeda","y","y","n","n","NONE","","","KI2015b"
"KI2015c.tag807","KI2015c.tag807","807","coral","KI2015c","Platygyra_sp",5,"alive","KI2015c","5","807","","JL","27-11-2015","70.995","55.266","2960.407","n","n","n","y","y","n","NONE","y","y","y","y","2","portions of coral are lighter, a few small bleached spots ","","KI2015c"
"KI2016a.tag807","KI2016a.tag807","807","coral","KI2016a","Platygyra_sp",5,"alive","KI2016a","5","807","","JM","8/6/2016","76.548","54.002","2953.651","n","n","n","y","y","y","Halimeda, Peysson_brown?","y","y","n","y","1","small patches starting to bleach","","KI2016a"
"KI2015b.tag810","KI2015b.tag810","810","coral","KI2015b","Favites_pentagona",5,"dead","KI2015b","5","810","","JM","3/6/2016","23.186","21.153","281.824","n","n","n","y","y","n","NONE","y","y","y","n","NONE","","","KI2015b"
"KI2015c.tag810","KI2015c.tag810","810","coral","KI2015c","Favites_pentagona",5,"dead","KI2015c","5","810","","DC_JMI","17-09-2015","23.163","18.597","358.517","n","n","n","y","y","n","NONE","y","n","y","y","2","General paling of most of the colony","","KI2015c"
"KI2015b.tag813","KI2015b.tag813","813","coral","KI2015b","Platygyra_sp",5,"alive","KI2015b","5","813","","JM","3/6/2016","16.361","15.124","196.08","n","n","n","y","y","n","NONE","y","y","n","n","NONE","","","KI2015b"
"KI2015c.tag813","KI2015c.tag813","813","coral","KI2015c","Platygyra_sp",5,"alive","KI2015c","5","813","","DC_JMI","17-09-2015","18.269","15.33","222.845","n","n","n","y","y","n","NONE","y","n","n","n","NONE","","","KI2015c"
"KI2016a.tag813","KI2016a.tag813","813","coral","KI2016a","Platygyra_sp",5,"alive","KI2016a","5","813","","HD","3/6/2016","18.179","15.13","22.988","n","n","n","y","y","n","NONE","y","y","y","y","3","most of coral bleached or starting to bleach","","KI2016a"
"KI2015b.tag820","KI2015b.tag820","820","coral","KI2015b","Platygyra_sp",5,"alive","KI2015b","5","820","","HD","2/8/2016","29.031","26.736","605.214","n","n","n","y","y","y","Halimeda","y","y","y","y","1","a few small bleached patches","","KI2015b"
"KI2015c.tag820","KI2015c.tag820","820","coral","KI2015c","Platygyra_sp",5,"alive","KI2015c","5","820","","DC_JMI","17-09-2015","37.164","31.562","924.473","n","n","n","y","y","y","Halimeda, Peysson_red","y","n","y","y","2","Variable, patchy bleaching: some spots completely some just lighter in colour","","KI2015c"
"KI2016a.tag820","KI2016a.tag820","820","coral","KI2016a","Platygyra_sp",5,"alive","KI2016a","5","820","","HD","3/6/2016","41.762","37.858","1181.053","n","n","n","y","y","y","Halimeda","n","y","y","y","1","a few small spots","","KI2016a"
"KI2015b.tag824","KI2015b.tag824","824","coral","KI2015b","Platygyra_sp",5,"alive",NA,NA,NA,NA,NA,NA,NA,NA,NA,NA,NA,NA,NA,NA,NA,NA,NA,NA,NA,NA,NA,NA,NA,NA
"KI2015c.tag824","KI2015c.tag824","824","coral","KI2015c","Platygyra_sp",5,"alive","KI2015c","5","824","","HD","21-09-2015","15.91","15.052","190.021","n","n","n","y","y","n","NONE","n","n","y","y","1","A few lighter spots, algae growing in sampled area","","KI2015c"
"KI2016a.tag824","KI2016a.tag824","824","coral","KI2016a","Platygyra_sp",5,"alive","KI2016a","5","824","","JM","3/6/2016","22.168","20.556","338.759","n","n","n","y","y","n","NONE","y","y","y","y","1","a few small spots","","KI2016a"
"KI2015b.tag844","KI2015b.tag844","844","coral","KI2015b","Favites_pentagona",34,"alive","KI2015b","34","844","","JM","27-05-2016","31.199","26.718","452.334","n","n","n","y","y","n","NONE","y","y","y","n","NONE","","","KI2015b"
"KI2015c.tag844","KI2015c.tag844","844","coral","KI2015c","Favites_pentagona",34,"alive","KI2015c","34","844","","JL","16-12-2015","48.027","36.05","1105.266","n","n","n","y","y","n","NONE","y","y","y","y","2","two patches >5cm, most of coral is lighter in colour, portions of coral are severely bleaching","","KI2015c"
"KI2016a.tag844","KI2016a.tag844","844","coral","KI2016a","Favites_pentagona",34,"alive","KI2016a","34","844","","JM","16-06-2016","33.62","26.238","345.466","n","n","n","y","y","n","NONE","y","y","n","y","1","small patches starting to bleach towards the right of the coral","","KI2016a"
"KI2015b.tag850","KI2015b.tag850","850","coral","KI2015b","Platygyra_sp",34,"alive","KI2015b","34","850","","JM","27-05-2016","15.29","14.812","174.219","n","n","n","y","y","n","NONE","y","y","n","y","1","one side tops of ridges are bleaching ","","KI2015b"
"KI2015c.tag850","KI2015c.tag850","850","coral","KI2015c","Platygyra_sp",34,"alive","KI2015c","34","850","","JL","16-12-2015","16.807","15.759","213.15","n","n","n","y","y","y","Caulerpa","n","y","n","y","2","one large, completely bleached patch, rest of coral is lighter in colour ","","KI2015c"
"KI2016a.tag850","KI2016a.tag850","850","coral","KI2016a","Platygyra_sp",34,"alive","KI2016a","34","850","","JM","16-06-2016","14.08","13.499","148.162","n","n","n","y","y","n","NONE","n","y","n","y","1","small patches starting to bleach, some near algal colonies; used 5 point scale","","KI2016a"
"KI2015b.tag856","KI2015b.tag856","856","coral","KI2015b","Favites_pentagona",34,"dead",NA,NA,NA,NA,NA,NA,NA,NA,NA,NA,NA,NA,NA,NA,NA,NA,NA,NA,NA,NA,NA,NA,NA,NA
"KI2015c.tag856","KI2015c.tag856","856","coral","KI2015c","Favites_pentagona",34,"dead","KI2015c","34","856","","JL","16-12-2015","18.688","15.504","188.387","n","n","n","y","y","n","NONE","y","y","n","y","1","entire coral is starting to bleach, a few compleely bleached patches ","","KI2015c"
"KI2015b.tag857","KI2015b.tag857","857","coral","KI2015b","Platygyra_sp",34,"alive","KI2015b","34","857","","JM","2/6/2016","25.307","23.841","445.9","n","n","n","y","y","n","NONE","y","y","y","y","1","a few small bleached patches","","KI2015b"
"KI2015c.tag857","KI2015c.tag857","857","coral","KI2015c","Platygyra_sp",34,"alive","KI2015c","34","857","","JL","16-12-2015","31.555","30.172","680.516","n","n","n","y","y","n","NONE","y","y","n","y","3","over 80% of coral is completely, severely bleached ","","KI2015c"
"KI2016a.tag857","KI2016a.tag857","857","coral","KI2016a","Platygyra_sp",34,"alive","KI2016a","34","857","","JM","16-06-2016","27.438","25.383","241.341","n","n","n","y","y","n","NONE","n","y","n","n","NONE","","","KI2016a"
"KI2016a.tag900","KI2016a.tag900","900","coral","KI2016a","Platygyra_sp",32,"alive","KI2016a","32","900","","JM","21-06-2016","12.078","11.754","111.355","n","n","n","y","y","n","NONE","n","y","n","n","NONE","","","KI2016a"
"KI2016a.tag902","KI2016a.tag902","902","coral","KI2016a","Favites_pentagona",32,"alive","KI2016a","32","902","","JM","21-06-2016","16.328","15.525","159.812","n","n","n","y","y","n","NONE","n","y","n","y","1","small patches starting to bleach","","KI2016a"
"KI2016a.tag906","KI2016a.tag906","906","coral","KI2016a","Platygyra_sp",8,"alive","KI2016a","8","906","","HD","5/8/2016","34.148","31.906","707.208","n","n","n","y","y","n","NONE","n","y","y","n","NONE","paling in a few areas","","KI2016a"
"KI2016a.tag909","KI2016a.tag909","909","coral","KI2016a","Platygyra_sp",8,"alive","KI2016a","8","909","","HD","5/8/2016","17.874","14.61","197.765","n","n","n","y","y","n","NONE","n","y","y","y","1","some areas starting to bleach","","KI2016a"
"KI2016a.tag911","KI2016a.tag911","911","coral","KI2016a","Favites_pentagona",8,"alive","KI2016a","8","911","","HD","5/8/2016","34.865","28.16","405.905","n","n","n","y","y","n","NONE","y","y","y","n","NONE","","","KI2016a"
"KI2016a.tag914","KI2016a.tag914","914","coral","KI2016a","Platygyra_sp",8,"alive","KI2016a","8","914","","HD","5/8/2016","11.852","9.784","82.018","n","n","n","y","y","y","Halimeda","n","y","y","n","NONE","","","KI2016a"
"KI2016a.tag919","KI2016a.tag919","919","coral","KI2016a","Platygyra_sp",8,"alive","KI2016a","8","919","","HD","5/8/2016","15.532","15.532","175.602","n","n","n","y","y","y","Halimeda","n","y","y","y","1","a few small areas ","","KI2016a"
"KI2016a.tag925","KI2016a.tag925","925","coral","KI2016a","Platygyra_sp",35,"alive","KI2016a","35","925","","HD","12/7/2016","30.586","28.875","692.604","n","n","n","y","y","n","NONE","n","y","y","y","2","much of coral starting to bleach","","KI2016a"
"KI2016a.tag928","KI2016a.tag928","928","coral","KI2016a","Platygyra_sp",35,"alive","KI2016a","35","928","","HD","12/7/2016","40.635","29.205","953.444","n","n","n","y","y","n","NONE","n","y","y","y","1","large patches starting to bleach, measurements not accurate as image cut off","","KI2016a"
"KI2016a.tag929","KI2016a.tag929","929","coral","KI2016a","Favites_pentagona",35,"alive","KI2016a","35","929","","HD","12/7/2016","16.075","14.284","139.719","n","n","n","y","y","n","NONE","n","y","y","y","1","small spots bleached","","KI2016a"
"KI2016a.tag933","KI2016a.tag933","933","coral","KI2016a","Platygyra_sp",35,"alive","KI2016a","35","933","","HD","2/8/2016","19.4","18.076","267.529","n","n","n","y","n","n","NONE","n","y","n","n","NONE","","","KI2016a"
"KI2016a.tag936","KI2016a.tag936","936","coral","KI2016a","Platygyra_sp",27,"alive",NA,NA,NA,NA,NA,NA,NA,NA,NA,NA,NA,NA,NA,NA,NA,NA,NA,NA,NA,NA,NA,NA,NA,NA
"KI2016a.tag937","KI2016a.tag937","937","coral","KI2016a","Favites_pentagona",27,"alive","KI2016a","27","937","","JM","13-06-2016","14.899","11.838","137.676","n","n","n","y","y","n","NONE","y","y","n","y","1","few small patches starting to bleach","","KI2016a"
"KI2016a.tag939","KI2016a.tag939","939","coral","KI2016a","Platygyra_sp",27,"alive","KI2016a","27","939","","JM","13-06-2016","8.554","8.043","51.086","n","n","n","y","y","n","NONE","n","y","n","y","2","tops of ridges are bleaching over the entire coral but not completely bleached","","KI2016a"
"KI2016a.tag941","KI2016a.tag941","941","coral","KI2016a","Platygyra_sp",27,"alive","KI2016a","27","941","","JM","13-06-2016","11.083","10.094","85.901","n","n","n","y","y","n","NONE","n","y","n","y","1","small bleached patches ","","KI2016a"
"KI2016a.tag1005","KI2016a.tag1005","1005","coral","KI2016a","Platygyra_sp",37,"alive","KI2016a","37","1005","","JM","17-06-2016","73.436","57.985","2284.126","n","n","n","y","y","n","NONE","y","y","n","y","1","two bleached patches around algae","","KI2016a"
"KI2016a.tag1008","KI2016a.tag1008","1008","coral","KI2016a","Platygyra_sp",37,"alive","KI2016a","37","1008","","JM","17-06-2016","23.566","20","310.168","n","n","n","y","y","n","NONE","n","y","n","y","1","small bleached patches","","KI2016a"
"KI2016a.tag1009","KI2016a.tag1009","1009","coral","KI2016a","Favites_pentagona",37,"alive","KI2016a","37","1009","","JM","17-06-2016","18.948","14.284","166.11","n","n","n","y","y","y","Halimeda","y","n","n","y","1","small bleached patches on top of the branches","","KI2016a"
"KI2016a.tag1011","KI2016a.tag1011","1011","coral","KI2016a","Platygyra_sp",37,"alive","KI2016a","37","1011","","JM","20-06-2016","14.988","14.031","157.611","n","n","n","y","y","n","NONE","y","y","n","n","NONE","","","KI2016a"
"KI2016a.tag1013","KI2016a.tag1013","1013","coral","KI2016a","Platygyra_sp",37,"alive","KI2016a","37","1013","","JM","20-06-2016","21.77","21.769","322.18","n","n","n","y","y","n","NONE","y","y","n","n","NONE","","","KI2016a"
"KI2016a.tag1017","KI2016a.tag1017","1017","coral","KI2016a","Platygyra_sp",37,"alive","KI2016a","37","1017","","JM","20-06-2016","23.509","20.259","361.432","n","n","n","y","y","n","NONE","n","y","n","y","1","small patches starting to bleach","","KI2016a"
"KI2016a.tag1020","KI2016a.tag1020","1020","coral","KI2016a","Platygyra_sp",37,"alive","KI2016a","37","1020","","JM","20-06-2016","29.415","26.859","569.436","n","n","n","y","y","n","NONE","y","y","y","y","1","small patches starting to bleach","","KI2016a"
"KI2016a.tag1022","KI2016a.tag1022","1022","coral","KI2016a","Platygyra_sp",37,"alive","KI2016a","37","1022","","JM","20-06-2016","15.489","15.193","169.875","n","n","n","y","y","n","NONE","n","y","n","y","1","small patches starting to bleach","","KI2016a"
"KI2016a.tag1023","KI2016a.tag1023","1023","coral","KI2016a","Platygyra_sp",37,"alive","KI2016a","37","1023","","JM","20-06-2016","20.376","16.961","239.14","n","n","n","y","y","n","NONE","y","y","y","n","NONE","","","KI2016a"
"KI2016a.tag1024","KI2016a.tag1024","1024","coral","KI2016a","Platygyra_sp",37,"alive","KI2016a","37","1024","","JM","20-06-2016","22.456","10.614","164.933","n","n","n","y","y","n","NONE","n","y","y","n","NONE","","","KI2016a"
"KI2016a.tag1028","KI2016a.tag1028","1028","coral","KI2016a","Platygyra_sp",37,"alive","KI2016a","37","1028","","JM","20-06-2016","25.916","21.431","419.751","n","n","n","y","y","n","NONE","n","y","n","y","1","small patches starting to bleach","","KI2016a"
"KI2016a.tag1030","KI2016a.tag1030","1030","coral","KI2016a","Platygyra_sp",37,"alive","KI2016a","37","1030","","JM","20-06-2016","27.278","26.429","506.901","n","n","n","y","y","n","NONE","y","y","n","n","NONE","","","KI2016a"
"KI2016a.tag1031","KI2016a.tag1031","1031","coral","KI2016a","Platygyra_sp",37,"alive","KI2016a","37","1031","","JM","20-06-2016","21.735","20.503","331.353","n","n","n","y","y","n","NONE","y","y","n","y","1","small bleached patches seen","","KI2016a"
"KI2016a.tag1032","KI2016a.tag1032","1032","coral","KI2016a","Favites_pentagona",37,"alive","KI2016a","37","1032","","JM","20-06-2016","22.724","19.862","274.698","n","n","n","y","y","y","Halimeda","n","y","n","y","1","small bleached patches seen","","KI2016a"
"KI2016a.tag1033","KI2016a.tag1033","1033","coral","KI2016a","Favites_pentagona",40,"alive","KI2016a","40","1033","","JM","21-06-2016","37.231","24.742","694.17","n","n","n","y","y","n","NONE","n","y","n","y","1","small patches starting to bleach","","KI2016a"
"KI2016a.tag1034","KI2016a.tag1034","1034","coral","KI2016a","Favites_pentagona",40,"alive","KI2016a","40","1034","","JM","21-06-2016","43.197","40.159","1099.841","n","n","n","y","y","n","NONE","y","y","n","n","NONE","mottled coloring","","KI2016a"
"KI2016a.tag1035","KI2016a.tag1035","1035","coral","KI2016a","Platygyra_sp",40,"alive","KI2016a","40","1035","","JM","21-06-2016","25.587","21.36","436.987","n","n","n","y","y","n","NONE","n","y","n","y","1","small patches starting to bleach","","KI2016a"
"KI2016a.tag1036","KI2016a.tag1036","1036","coral","KI2016a","Platygyra_sp",40,"alive","KI2016a","40","1036","","JM","23-06-2016","20.556","17.106","275.323","n","n","n","y","y","n","NONE","n","y","n","y","1","small patches starting to bleach","","KI2016a"
"KI2016a.tag1037","KI2016a.tag1037","1037","coral","KI2016a","Favites_pentagona",40,"alive","KI2016a","40","1037","","JM","23-06-2016","28.763","20.685","432.12","n","n","n","y","y","n","NONE","y","y","n","y","1","small bleaching patches seen","","KI2016a"
"KI2016a.tag1040","KI2016a.tag1040","1040","coral","KI2016a","Platygyra_sp",40,"alive","KI2016a","40","1040","","JM","23-06-2016","26.573","23.026","455.404","n","n","n","y","y","n","NONE","y","y","n","y","1","small bleached patches seen","","KI2016a"
"KI2016a.tag1049","KI2016a.tag1049","1049","coral","KI2016a","Platygyra_sp",40,"alive","KI2016a","40","1049","","JM","23-06-2016","22.714","19.618","314.902","n","n","n","y","y","n","NONE","y","y","n","y","1","many small bleached patches","","KI2016a"
"KI2016a.tag1050","KI2016a.tag1050","1050","coral","KI2016a","Favites_pentagona",40,"alive","KI2016a","40","1050","","JM","23-06-2016","21.516","18.781","252.892","n","n","n","y","y","n","NONE","n","y","n","y","1","samll bleaching patches","","KI2016a"
"KI2016a.tag1055","KI2016a.tag1055","1055","coral","KI2016a","Platygyra_sp",40,"alive","KI2016a","40","1055","","JM","23-06-2016","18.85","17.213","235.31","n","n","n","y","y","n","NONE","n","y","n","y","1","small bleached patches seen","","KI2016a"
"KI2016a.tag1056","KI2016a.tag1056","1056","coral","KI2016a","Favites_pentagona",40,"alive","KI2016a","40","1056","","JM","23-06-2016","27.769","16.177","290.413","n","n","n","y","y","n","NONE","y","y","y","n","NONE","","","KI2016a"
"KI2015c.tag410_893","KI2015c.tag410_893","410_893","coral","KI2015c","Platygyra_sp",25,"UK",NA,NA,NA,NA,NA,NA,NA,NA,NA,NA,NA,NA,NA,NA,NA,NA,NA,NA,NA,NA,NA,NA,NA,NA
"KI2015c.tag412_892","KI2015c.tag412_892","412_892","coral","KI2015c","Favites_pentagona",25,"UK","KI2015c","25","412_892","","KT","8/8/2016","NONE","NONE","NONE","NONE","NONE","NONE","NONE","NONE","NONE","NONE","NONE","NONE","NONE","NONE","NONE","* NO PHOTO ","","KI2015c"
"KI2014.tag497_745","KI2014.tag497_745","497_745","coral","KI2014","Favites_pentagona",32,"alive",NA,NA,NA,NA,NA,NA,NA,NA,NA,NA,NA,NA,NA,NA,NA,NA,NA,NA,NA,NA,NA,NA,NA,NA
"KI2015b.tag497_745","KI2015b.tag497_745","497_745","coral","KI2015b","Favites_pentagona",32,"alive",NA,NA,NA,NA,NA,NA,NA,NA,NA,NA,NA,NA,NA,NA,NA,NA,NA,NA,NA,NA,NA,NA,NA,NA
"KI2016a.tag497_745","KI2016a.tag497_745","497_745","coral","KI2016a","Favites_pentagona",32,"alive",NA,NA,NA,NA,NA,NA,NA,NA,NA,NA,NA,NA,NA,NA,NA,NA,NA,NA,NA,NA,NA,NA,NA,NA
"KI2016a.tag754_899","KI2016a.tag754_899","754_899","coral","KI2016a","Platygyra_sp",32,"alive","KI2016a","32","754_899","","JM","21-06-2016","14.721","9.695","58.545","n","n","n","y","y","n","NONE","n","y","n","y","1","one bleached patch","","KI2016a"
